번호,도서명,저자,출판사,발행년도,ISBN,세트 ISBN,부가기호,권,주제분류번호,도서권수,대출건수,등록일자
1,세이노의 가르침,세이노 지음,데이원,2023,9.79117E+12,,0,,199.1,1,0,2023-03-30
2,서울대생의 비밀과외,"소린TV,안소린 [공]지음",다산에듀,2023,9.79113E+12,,1,,373.7,1,0,2023-03-30
3,(현직 고등학교 선생님들이 직접 고른) 생기부 필독서 100,주경아 외 지음,센시오,2023,9.79117E+12,,1,,376.6,1,0,2023-03-30
4,당연하게도 나는 너를,이꽃님 지음,우리학교,2023,9.79117E+12,,4,,813.7,1,0,2023-03-30
5,고요한 우연,김수빈 지음,문학동네,2023,9.78895E+12,,0,,813.7,1,0,2023-03-30
6,환상서점,소서림 지음,해피북스투유,2023,9.79116E+12,,0,,813.7,1,0,2023-03-30
7,한국형 가치투자,"최준철,김민국 [공]지음",이콘,2023,9.79119E+12,,0,,327.85,1,0,2023-03-30
8,파쇄,구병모 지음,위즈덤하우스,2023,9.79117E+12,,0,,813.7,1,0,2023-03-30
9,트러스트,에르난 디아스 지음;강동혁 옮김,문학동네,2023,9.78895E+12,,0,,843.6,1,0,2023-03-30
10,초수익 성장주 투자,마크 미너비니 지음;김태훈 옮김,이레미디어,2023,9.79119E+12,,0,,327.856,1,0,2023-03-30
11,제주탐묘생활,이신아 지음,야옹서가,2023,9.79119E+12,,0,,818,1,0,2023-03-30
12,세상은 실제로 어떻게 돌아가는가,바츨라프 스밀 지음;강주헌 옮김,김영사,2023,9.78893E+12,,0,,331.541,1,0,2023-03-30
13,세상 끝의 카페,존 스트레레키 지음;고상숙 옮김,클레이하우스,2023,9.7912E+12,,0,,199.1,1,0,2023-03-30
14,사랑의 이해,이혁진 지음,민음사,2019,9.78894E+12,,0,,813.7,1,0,2023-03-30
15,사랑의 꿈,손보미 지음,문학동네,2023,9.78895E+12,,0,,813.7,1,0,2023-03-30
16,들숨에 긍정 날숨에 용기,지나영 지음,자음과모음,2023,9.78895E+12,,4,,199.1,1,0,2023-03-30
17,기분이 태도가 되지 말자,김수현 지음,하이스트,2022,9.7912E+12,,0,,181.7,1,0,2023-03-30
18,거인의 노트,김익한 지음,다산북스,2023,9.79113E+12,,0,,325.211,1,0,2023-03-30
19,양아치의 스피치,네온비 글;김인정 그림,문학동네,2023,9.78895E+12,,0,,813.7,1,0,2023-03-30
20,숲속의 담,다홍 글·그림,에이템포미디어,2023,9.79117E+12,,0,7,813.7,1,0,2023-03-30
21,숲속의 담,다홍 글·그림,A.tempo Media(에이템포미디어),2022,9.79117E+12,,0,6,813.7,1,0,2023-03-30
22,숲속의 담,다홍 글·그림,A.tempo Media(에이템포미디어),2022,9.79116E+12,,0,5,813.7,1,0,2023-03-30
23,토지,박경리 지음,마로니에북스,2013,9.78896E+12,9.78896E+12,0,17,813.62,1,0,2023-03-30
24,토지,박경리 지음,마로니에북스,2013,9.78896E+12,9.78896E+12,0,18,813.62,1,0,2023-03-30
25,내일,라마 글·그림,RHK(알에이치코리아),2020,9.78893E+12,9.78893E+12,0,9,818,1,0,2023-03-30
26,토지 인물사전,이상진 지음,마로니에북스,2012,9.78896E+12,,0,,813.62,1,0,2023-03-30
27,토지,박경리 지음,마로니에북스,2013,9.78896E+12,9.78896E+12,0,20,813.62,1,0,2023-03-30
28,토지,박경리 지음,마로니에북스,2013,9.78896E+12,9.78896E+12,0,19,813.62,1,0,2023-03-30
29,토지,박경리 지음,마로니에북스,2013,9.78896E+12,9.78896E+12,0,16,813.62,1,0,2023-03-30
30,토지,박경리 지음,마로니에북스,2013,9.78896E+12,9.78896E+12,0,15,813.62,1,0,2023-03-30
31,토지,박경리 지음,마로니에북스,2013,9.78896E+12,9.78896E+12,0,14,813.62,1,0,2023-03-30
32,토지,박경리 지음,마로니에북스,2013,9.78896E+12,9.78896E+12,0,13,813.62,1,0,2023-03-30
33,토지,박경리 지음,마로니에북스,2013,9.78896E+12,9.78896E+12,0,12,813.62,1,0,2023-03-30
34,토지,박경리 지음,마로니에북스,2013,9.78896E+12,9.78896E+12,0,11,813.62,1,0,2023-03-30
35,토지,박경리 지음,마로니에북스,2013,9.78896E+12,9.78896E+12,0,10,813.62,1,0,2023-03-30
36,토지,박경리 지음,마로니에북스,2013,9.78896E+12,9.78896E+12,0,9,813.62,1,0,2023-03-30
37,토지,박경리 지음,마로니에북스,2013,9.78896E+12,9.78896E+12,0,8,813.62,1,0,2023-03-30
38,토지,박경리 지음,마로니에북스,2012,9.78896E+12,9.78896E+12,0,7,813.62,1,0,2023-03-30
39,토지,박경리 지음,마로니에북스,2012,9.78896E+12,9.78896E+12,0,3,813.62,1,0,2023-03-30
40,토지,박경리 지음,마로니에북스,2013,9.78896E+12,9.78896E+12,0,2,813.62,1,0,2023-03-30
41,쇼코의 미소,최은영 지음,문학동네,2016,9.78895E+12,,0,,813.7,1,0,2023-03-30
42,(영어가 술술 나오는) 만능패턴 100,세리나 황 지음,교보문고,2023,9.79116E+12,,0,,747.5,1,0,2023-03-30
43,"기억해, 언젠가 너의 목소리가 될 거야",김청연 지음;간장 그림,책폴,2022,9.7912E+12,,4,,337.1,1,0,2023-03-30
44,"기억해, 언젠가 너의 목소리가 될 거야",김청연 지음;간장 그림,책폴,2022,9.7912E+12,,4,,337.1,1,0,2023-03-30
45,CES 2023,한국경제신문 특별취재단 지음,한국경제신문,2023,9.79119E+12,,9,,331.5412,1,0,2023-03-30
46,조각의 세계사,차홍규;김성진 [공]엮음,아이템하우스,2022,9.79116E+12,,0,,620.9,1,0,2023-03-30
47,전원주택 설계집,전원속의 내집 편집부 지음,주택문화사,2020,9.78897E+12,,1,1,549.781,1,0,2023-03-30
48,택배기사 된 목사의 생존 경제학,김연기 지음,생각나무(주),2023,9.79119E+12,,1,,320,1,0,2023-03-30
49,코미디언스,그레이엄 그린 지음;이영아 옮김,빛소굴,2023,9.7912E+12,,0,,843.5,1,0,2023-03-30
50,질문하는 사람,김영서 지음,이매진,2022,9.79116E+12,,0,,818,1,0,2023-03-30
51,"(작지만 큰 기술,) 일본 소부장의 비밀",정혁 지음,매경출판,2020,9.79116E+12,,0,,320.913,1,0,2023-03-30
52,작은 꿈을 위한 방은 없다,시몬 페레스 지음;윤종록 옮김,쌤앤파커스,2018,9.78897E+12,,0,,340.99,1,0,2023-03-30
53,"유대인, 발명된 신화",정의길 지음,한겨레엔,2022,9.79116E+12,,0,,918.63,1,0,2023-03-30
54,"우크라이나 전쟁, 이렇게 봐야 한다",박병환 지음,뿌쉬낀하우스,2023,9.79117E+12,,0,,392.1,1,0,2023-03-30
55,(그림속으로 들어간) 욕망과 탐욕의 인문학,차홍규 엮음,아이템하우스,2020,9.79116E+12,,0,,600.1,1,0,2023-03-30
56,옥스퍼드 오늘의 단어책,수지 덴트 지음;고정아 옮김,윌북,2023,9.79116E+12,,0,,744,1,0,2023-03-30
57,오빠 새끼 잡으러 간다,염기원 지음,문학세계사,2023,9.78897E+12,,0,,813.7,1,0,2023-03-30
58,엄마는 모르는 스무 살 자취생활,빵떡씨 지음,자음과모음,2022,9.78895E+12,,0,,818,1,0,2023-03-30
59,"어머니, 사교육을 줄이셔야 합니다",정승익 지음,메이트북스,2023,9.79116E+12,,0,,378.9,1,0,2023-03-30
60,어른 이후의 어른,모야 사너 지음;서제인 옮김,엘리,2023,9.79119E+12,,0,,189.1,1,0,2023-03-30
61,어떻게 하면 완전히 사라지나,필립 헤르만 [지음];[윤풍경 사진];김윤정 옮김,스틸로그라프,2021,9.7912E+12,,0,,863,1,0,2023-03-30
62,어느 미래에 당신이 없을 것이라고,목정원 지음,아침달,2023,9.79119E+12,,0,,818,1,0,2023-03-30
63,세이노의 가르침,세이노 지음,데이원,2023,9.79117E+12,,0,,199.1,1,0,2023-03-30
64,삼성동 하우스,김경래 지음,농담과진담,2022,9.7912E+12,,0,,813.7,1,0,2023-03-30
65,애덤 스미스 함께 읽기,장경덕 지음,글항아리,2023,9.79117E+12,,0,,320.15,1,0,2023-03-30
66,쇼샤,아이작 바셰비스 싱어 지음;정영문 옮김,빛소굴,2022,9.7912E+12,,0,,897.4,1,0,2023-03-30
67,삶은 살만한 가치가 있는 걸까,윌리엄 제임스 지음;박윤정 옮김,오엘북스,2022,9.7912E+12,,0,,162.41,1,0,2023-03-30
68,빵도 익어야 맛있습니다,이사 니마이어-브라운 지음;정연주 옮김,구르는재주,2021,9.7912E+12,,1,,594.71,1,0,2023-03-30
69,빛과 영원의 시계방,김희선 지음,허블,2023,9.79119E+12,,0,,813.7,1,0,2023-03-30
70,불안이라는 중독,저드슨 브루어 지음;김태훈 옮김,김영사,2021,9.78893E+12,,0,,181.845,1,0,2023-03-30
71,민주주의 공부,얀-베르너 뮐러 지음;권채령 옮김,윌북,2022,9.79116E+12,,0,,340.22,1,0,2023-03-30
72,무관의 국보,배한철 지음,매일경제신문사,2023,9.79116E+12,,0,,911,1,0,2023-03-30
73,모기가 우리한테 해 준 게 뭔데?,"프라우케 피셔,힐케 오버한스베르크 [공]지음;추미란 옮김",지학사,2022,9.79119E+12,,0,,472.5,1,0,2023-03-30
74,도파민형 인간,"대니얼 Z. 리버먼,마이클 E. 롱 [공]지음;최가영 옮김",쌤앤파커스,2019,9.78897E+12,,0,,511.1813,1,0,2023-03-30
75,노비와 쇠고기,강명관 지음,푸른역사,2023,9.79116E+12,,9,,911.05,1,0,2023-03-30
76,나이를 이기는 심리학,한소원 지음,바다출판사,2022,9.79117E+12,,0,,183.7,1,0,2023-03-30
77,나는 손으로 기억했다,김운영 지음,가나북스,2019,9.79116E+12,,0,,325.211,1,0,2023-03-30
78,"나, 프랜 리보위츠",프랜 리보위츠 지음;우아름 옮김,문학동네,2022,9.78895E+12,,0,,848,1,0,2023-03-30
79,고도원 정신,"고도원,윤인숙 [공]지음",해냄,2023,9.79117E+12,,0,,818,1,0,2023-03-30
80,각자도사 사회,송병기 지음,어크로스,2023,9.79117E+12,,0,,331,1,0,2023-03-30
81,검찰국가의 탄생,이춘재 지음,서해문집,2023,9.79119E+12,,0,,340.911,1,0,2023-03-30
82,(흔한남매) 이상한 나라의 고전 읽기,흔한남매 원작;최재훈 글;정주연 그림,미래엔아이세움,2023,9.79117E+12,,7,3,813.5,1,0,2023-03-30
83,(흔한남매) 이상한 나라의 고전 읽기,흔한남매 원작;최재훈 글;정주연 그림,미래엔아이세움,2023,9.79117E+12,,7,3,813.5,1,0,2023-03-30
84,(흔한남매) 과학 탐험대,"흔한남매 원작;김언정,이현진 [공]글;김덕영 그림",주니어김영사,2023,9.78893E+12,,7,7,404,1,0,2023-03-30
85,태어나는 법,사이다 지음,모래알(키다리),2023,9.79116E+12,,7,,813.8,1,0,2023-03-30
86,설민석의 삼국지 대모험,단꿈아이 지음;스튜디오 담 그림,단꿈아이,2023,9.79119E+12,,7,11,823.5,1,0,2023-03-30
87,상처 주는 말 하는 친구에게 똑똑하게 말하는 법,김윤나 글;유영근 그림,북라이프,2023,9.79119E+12,,7,,199.4,1,0,2023-03-30
88,나만 없어 토끼!,토베 피에루 글;마리카 마이얄라 그림;기영인 옮김,블루밍제이,2023,9.7912E+12,,7,,859.7,1,0,2023-03-30
89,고양이는 다 알아?,브렌던 웬젤 지음;김지은 옮김,올리,2023,9.79117E+12,,7,,843,1,0,2023-03-30
90,마음정원,김유강 지음,오올,2022,9.7912E+12,,7,2,813.8,1,0,2023-03-30
91,마음정원,김유강 지음,오올,2022,9.7912E+12,,7,2,813.8,1,0,2023-03-30
92,마음정원,김유강 지음,오올,2022,9.7912E+12,,7,2,813.8,1,0,2023-03-30
93,(흔한남매) 이상한 나라의 고전 읽기,흔한남매 원작;최재훈 글;정주연 그림,미래엔아이세움,2023,9.79117E+12,,7,3,813.5,1,0,2023-03-30
94,(흔한남매) 과학 탐험대,"흔한남매 원작;김언정,이현진 [공]글;김덕영 그림",주니어김영사,2023,9.78893E+12,,7,7,404,1,0,2023-03-30
95,혼공쌤의 초등만화영문법,허준석 글;최정화 그림,길벗스쿨,2023,9.79116E+12,,7,2,745,1,0,2023-03-30
96,혼공쌤의 초등만화영문법,허준석 글;최정화 그림,길벗스쿨,2023,9.79116E+12,,7,1,745,1,0,2023-03-30
97,(설민석의) 세계사 대모험,"설민석,김정욱 [공]글;박성일 그림",단꿈아이,2023,9.7912E+12,,7,16,909,1,0,2023-03-30
98,체리새우: 비밀글입니다:황영미 장편소설,황영미 지음,문학동네,2019,9.78895E+12,,0,,813.7,1,1,2023-03-22
99,체리새우: 비밀글입니다,황영미 지음,문학동네,2019,9.78895E+12,,0,,813.7,1,0,2023-03-22
100,체리새우: 비밀글입니다,황영미 지음,문학동네,2019,9.78895E+12,,0,,813.7,1,0,2023-03-22
101,체리새우: 비밀글입니다,황영미 지음,문학동네,2019,9.78895E+12,,0,,813.7,1,1,2023-03-22
102,체리새우: 비밀글입니다,황영미 지음,문학동네,2019,9.78895E+12,,0,,813.7,1,1,2023-03-22
103,체리새우: 비밀글입니다,황영미 지음,문학동네,2019,9.78895E+12,,0,,813.7,1,1,2023-03-22
104,체리새우: 비밀글입니다,황영미 지음,문학동네,2019,9.78895E+12,,0,,813.7,1,1,2023-03-22
105,체리새우: 비밀글입니다,황영미 지음,문학동네,2019,9.78895E+12,,0,,813.7,1,1,2023-03-22
106,체리새우: 비밀글입니다,황영미 지음,문학동네,2019,9.78895E+12,,0,,813.7,1,1,2023-03-22
107,체리새우: 비밀글입니다,황영미 지음,문학동네,2019,9.78895E+12,,0,,813.7,1,1,2023-03-22
108,체리새우: 비밀글입니다,황영미 지음,문학동네,2019,9.78895E+12,,0,,813.7,1,1,2023-03-22
109,체리새우: 비밀글입니다,황영미 지음,문학동네,2019,9.78895E+12,,0,,813.7,1,0,2023-03-22
110,체리새우: 비밀글입니다,황영미 지음,문학동네,2019,9.78895E+12,,0,,813.7,1,0,2023-03-22
111,체리새우: 비밀글입니다,황영미 지음,문학동네,2019,9.78895E+12,,0,,813.7,1,0,2023-03-22
112,체리새우: 비밀글입니다,황영미 지음,문학동네,2019,9.78895E+12,,0,,813.7,1,0,2023-03-22
113,체리새우: 비밀글입니다,황영미 지음,문학동네,2019,9.78895E+12,,0,,813.7,1,0,2023-03-22
114,체리새우: 비밀글입니다,황영미 지음,문학동네,2019,9.78895E+12,,0,,813.7,1,0,2023-03-22
115,체리새우: 비밀글입니다,황영미 지음,문학동네,2019,9.78895E+12,,0,,813.7,1,1,2023-03-22
116,체리새우: 비밀글입니다,황영미 지음,문학동네,2019,9.78895E+12,,0,,813.7,1,0,2023-03-22
117,체리새우: 비밀글입니다,황영미 지음,문학동네,2019,9.78895E+12,,0,,813.7,1,0,2023-03-22
118,체리새우: 비밀글입니다,황영미 지음,문학동네,2019,9.78895E+12,,0,,813.7,1,0,2023-03-22
119,체리새우: 비밀글입니다,황영미 지음,문학동네,2019,9.78895E+12,,0,,813.7,1,0,2023-03-22
120,체리새우: 비밀글입니다,황영미 지음,문학동네,2019,9.78895E+12,,0,,813.7,1,0,2023-03-22
121,체리새우: 비밀글입니다,황영미 지음,문학동네,2019,9.78895E+12,,0,,813.7,1,0,2023-03-22
122,체리새우: 비밀글입니다,황영미 지음,문학동네,2019,9.78895E+12,,0,,813.7,1,1,2023-03-22
123,지킬 앤 하이드,로버트 루이스 스티븐슨 지음;박혜옥 옮김,구름서재,2019,9.79119E+12,,4,,843.4,1,1,2023-03-22
124,체리새우: 비밀글입니다,황영미 지음,문학동네,2019,9.78895E+12,,0,,813.7,1,0,2023-03-22
125,체리새우: 비밀글입니다,황영미 지음,문학동네,2019,9.78895E+12,,0,,813.7,1,1,2023-03-22
126,체리새우: 비밀글입니다,황영미 지음,문학동네,2019,9.78895E+12,,0,,813.7,1,1,2023-03-22
127,체리새우: 비밀글입니다,황영미 지음,문학동네,2019,9.78895E+12,,0,,813.7,1,1,2023-03-22
128,체리새우: 비밀글입니다,황영미 지음,문학동네,2019,9.78895E+12,,0,,813.7,1,1,2023-03-22
129,지킬 앤 하이드,로버트 루이스 스티븐슨 지음;박혜옥 옮김,구름서재,2019,9.79119E+12,,4,,843.4,1,1,2023-03-22
130,지킬 앤 하이드,로버트 루이스 스티븐슨 지음;박혜옥 옮김,구름서재,2019,9.79119E+12,,4,,843.4,1,1,2023-03-22
131,지킬 앤 하이드,로버트 루이스 스티븐슨 지음;박혜옥 옮김,구름서재,2019,9.79119E+12,,4,,843.4,1,1,2023-03-22
132,지킬 앤 하이드,로버트 루이스 스티븐슨 지음;박혜옥 옮김,구름서재,2019,9.79119E+12,,4,,843.4,1,1,2023-03-22
133,지킬 앤 하이드,로버트 루이스 스티븐슨 지음;박혜옥 옮김,구름서재,2019,9.79119E+12,,4,,843.4,1,1,2023-03-22
134,지킬 앤 하이드,로버트 루이스 스티븐슨 지음;박혜옥 옮김,구름서재,2019,9.79119E+12,,4,,843.4,1,1,2023-03-22
135,지킬 앤 하이드,로버트 루이스 스티븐슨 지음;박혜옥 옮김,구름서재,2019,9.79119E+12,,4,,843.4,1,1,2023-03-22
136,지킬 앤 하이드,로버트 루이스 스티븐슨 지음;박혜옥 옮김,구름서재,2019,9.79119E+12,,4,,843.4,1,1,2023-03-22
137,지킬 앤 하이드,로버트 루이스 스티븐슨 지음;박혜옥 옮김,구름서재,2019,9.79119E+12,,4,,843.4,1,1,2023-03-22
138,지킬 앤 하이드,로버트 루이스 스티븐슨 지음;박혜옥 옮김,구름서재,2019,9.79119E+12,,4,,843.4,1,1,2023-03-22
139,지킬 앤 하이드,로버트 루이스 스티븐슨 지음;박혜옥 옮김,구름서재,2019,9.79119E+12,,4,,843.4,1,1,2023-03-22
140,지킬 앤 하이드,로버트 루이스 스티븐슨 지음;박혜옥 옮김,구름서재,2019,9.79119E+12,,4,,843.4,1,1,2023-03-22
141,지킬 앤 하이드,로버트 루이스 스티븐슨 지음;박혜옥 옮김,구름서재,2019,9.79119E+12,,4,,843.4,1,1,2023-03-22
142,지킬 앤 하이드,로버트 루이스 스티븐슨 지음;박혜옥 옮김,구름서재,2019,9.79119E+12,,4,,843.4,1,1,2023-03-22
143,지킬 앤 하이드,로버트 루이스 스티븐슨 지음;박혜옥 옮김,구름서재,2019,9.79119E+12,,4,,843.4,1,1,2023-03-22
144,지킬 앤 하이드,로버트 루이스 스티븐슨 지음;박혜옥 옮김,구름서재,2019,9.79119E+12,,4,,843.4,1,1,2023-03-22
145,지킬 앤 하이드,로버트 루이스 스티븐슨 지음;박혜옥 옮김,구름서재,2019,9.79119E+12,,4,,843.4,1,1,2023-03-22
146,지킬 앤 하이드,로버트 루이스 스티븐슨 지음;박혜옥 옮김,구름서재,2019,9.79119E+12,,4,,843.4,1,1,2023-03-22
147,지킬 앤 하이드,로버트 루이스 스티븐슨 지음;박혜옥 옮김,구름서재,2019,9.79119E+12,,4,,843.4,1,1,2023-03-22
148,지킬 앤 하이드,로버트 루이스 스티븐슨 지음;박혜옥 옮김,구름서재,2019,9.79119E+12,,4,,843.4,1,1,2023-03-22
149,지킬 앤 하이드,로버트 루이스 스티븐슨 지음;박혜옥 옮김,구름서재,2019,9.79119E+12,,4,,843.4,1,1,2023-03-22
150,지킬 앤 하이드,로버트 루이스 스티븐슨 지음;박혜옥 옮김,구름서재,2019,9.79119E+12,,4,,843.4,1,1,2023-03-22
151,지킬 앤 하이드,로버트 루이스 스티븐슨 지음;박혜옥 옮김,구름서재,2019,9.79119E+12,,4,,843.4,1,1,2023-03-22
152,지킬 앤 하이드,로버트 루이스 스티븐슨 지음;박혜옥 옮김,구름서재,2019,9.79119E+12,,4,,843.4,1,1,2023-03-22
153,마이 시스터즈 키퍼,조디 피코 지음;이지민 옮김,Siso,2017,9.7912E+12,,0,,843.6,1,1,2023-03-22
154,지킬 앤 하이드,로버트 루이스 스티븐슨 지음;박혜옥 옮김,구름서재,2019,9.79119E+12,,4,,843.4,1,1,2023-03-22
155,지킬 앤 하이드,로버트 루이스 스티븐슨 지음;박혜옥 옮김,구름서재,2019,9.79119E+12,,4,,843.4,1,1,2023-03-22
156,지킬 앤 하이드,로버트 루이스 스티븐슨 지음;박혜옥 옮김,구름서재,2019,9.79119E+12,,4,,843.4,1,1,2023-03-22
157,지킬 앤 하이드,로버트 루이스 스티븐슨 지음;박혜옥 옮김,구름서재,2019,9.79119E+12,,4,,843.4,1,1,2023-03-22
158,지킬 앤 하이드,로버트 루이스 스티븐슨 지음;박혜옥 옮김,구름서재,2019,9.79119E+12,,4,,843.4,1,1,2023-03-22
159,마이 시스터즈 키퍼,조디 피코 지음;이지민 옮김,Siso,2017,9.7912E+12,,0,,843.6,1,1,2023-03-22
160,마이 시스터즈 키퍼,조디 피코 지음;이지민 옮김,Siso,2017,9.7912E+12,,0,,843.6,1,1,2023-03-22
161,마이 시스터즈 키퍼,조디 피코 지음;이지민 옮김,Siso,2017,9.7912E+12,,0,,843.6,1,1,2023-03-22
162,마이 시스터즈 키퍼,조디 피코 지음;이지민 옮김,Siso,2017,9.7912E+12,,0,,843.6,1,1,2023-03-22
163,마이 시스터즈 키퍼,조디 피코 지음;이지민 옮김,Siso,2017,9.7912E+12,,0,,843.6,1,1,2023-03-22
164,마이 시스터즈 키퍼,조디 피코 지음;이지민 옮김,Siso,2017,9.7912E+12,,0,,843.6,1,1,2023-03-22
165,마이 시스터즈 키퍼,조디 피코 지음;이지민 옮김,Siso,2017,9.7912E+12,,0,,843.6,1,1,2023-03-22
166,마이 시스터즈 키퍼,조디 피코 지음;이지민 옮김,Siso,2017,9.7912E+12,,0,,843.6,1,1,2023-03-22
167,마이 시스터즈 키퍼,조디 피코 지음;이지민 옮김,Siso,2017,9.7912E+12,,0,,843.6,1,1,2023-03-22
168,마이 시스터즈 키퍼,조디 피코 지음;이지민 옮김,Siso,2017,9.7912E+12,,0,,843.6,1,1,2023-03-22
169,마이 시스터즈 키퍼,조디 피코 지음;이지민 옮김,Siso,2017,9.7912E+12,,0,,843.6,1,1,2023-03-22
170,마이 시스터즈 키퍼,조디 피코 지음;이지민 옮김,Siso,2017,9.7912E+12,,0,,843.6,1,1,2023-03-22
171,마이 시스터즈 키퍼,조디 피코 지음;이지민 옮김,Siso,2017,9.7912E+12,,0,,843.6,1,1,2023-03-22
172,마이 시스터즈 키퍼,조디 피코 지음;이지민 옮김,Siso,2017,9.7912E+12,,0,,843.6,1,1,2023-03-22
173,마이 시스터즈 키퍼,조디 피코 지음;이지민 옮김,Siso,2017,9.7912E+12,,0,,843.6,1,1,2023-03-22
174,마이 시스터즈 키퍼,조디 피코 지음;이지민 옮김,Siso,2017,9.7912E+12,,0,,843.6,1,1,2023-03-22
175,마이 시스터즈 키퍼,조디 피코 지음;이지민 옮김,Siso,2017,9.7912E+12,,0,,843.6,1,1,2023-03-22
176,마이 시스터즈 키퍼,조디 피코 지음;이지민 옮김,Siso,2017,9.7912E+12,,0,,843.6,1,1,2023-03-22
177,마이 시스터즈 키퍼,조디 피코 지음;이지민 옮김,Siso,2017,9.7912E+12,,0,,843.6,1,1,2023-03-22
178,마이 시스터즈 키퍼,조디 피코 지음;이지민 옮김,Siso,2017,9.7912E+12,,0,,843.6,1,1,2023-03-22
179,마이 시스터즈 키퍼,조디 피코 지음;이지민 옮김,Siso,2017,9.7912E+12,,0,,843.6,1,1,2023-03-22
180,마이 시스터즈 키퍼,조디 피코 지음;이지민 옮김,Siso,2017,9.7912E+12,,0,,843.6,1,1,2023-03-22
181,마이 시스터즈 키퍼,조디 피코 지음;이지민 옮김,Siso,2017,9.7912E+12,,0,,843.6,1,1,2023-03-22
182,마이 시스터즈 키퍼,조디 피코 지음;이지민 옮김,Siso,2017,9.7912E+12,,0,,843.6,1,1,2023-03-22
183,마이 시스터즈 키퍼,조디 피코 지음;이지민 옮김,Siso,2017,9.7912E+12,,0,,843.6,1,1,2023-03-22
184,폴리네시아에서 온 아이,코슈카 지음;톰 오구마 그림;곽노경 옮김,라임,2019,9.79119E+12,,4,,863,1,1,2023-03-22
185,폴리네시아에서 온 아이,코슈카 지음;톰 오구마 그림;곽노경 옮김,라임,2019,9.79119E+12,,4,,863,1,1,2023-03-22
186,마이 시스터즈 키퍼,조디 피코 지음;이지민 옮김,Siso,2017,9.7912E+12,,0,,843.6,1,1,2023-03-22
187,마이 시스터즈 키퍼,조디 피코 지음;이지민 옮김,Siso,2017,9.7912E+12,,0,,843.6,1,1,2023-03-22
188,마이 시스터즈 키퍼,조디 피코 지음;이지민 옮김,Siso,2017,9.7912E+12,,0,,843.6,1,1,2023-03-22
189,마이 시스터즈 키퍼,조디 피코 지음;이지민 옮김,Siso,2017,9.7912E+12,,0,,843.6,1,1,2023-03-22
190,폴리네시아에서 온 아이,코슈카 지음;톰 오구마 그림;곽노경 옮김,라임,2019,9.79119E+12,,4,,863,1,1,2023-03-22
191,폴리네시아에서 온 아이,코슈카 지음;톰 오구마 그림;곽노경 옮김,라임,2019,9.79119E+12,,4,,863,1,1,2023-03-22
192,폴리네시아에서 온 아이,코슈카 지음;톰 오구마 그림;곽노경 옮김,라임,2019,9.79119E+12,,4,,863,1,1,2023-03-22
193,폴리네시아에서 온 아이,코슈카 지음;톰 오구마 그림;곽노경 옮김,라임,2019,9.79119E+12,,4,,863,1,1,2023-03-22
194,폴리네시아에서 온 아이,코슈카 지음;톰 오구마 그림;곽노경 옮김,라임,2019,9.79119E+12,,4,,863,1,1,2023-03-22
195,폴리네시아에서 온 아이,코슈카 지음;톰 오구마 그림;곽노경 옮김,라임,2019,9.79119E+12,,4,,863,1,1,2023-03-22
196,폴리네시아에서 온 아이,코슈카 지음;톰 오구마 그림;곽노경 옮김,라임,2019,9.79119E+12,,4,,863,1,1,2023-03-22
197,폴리네시아에서 온 아이,코슈카 지음;톰 오구마 그림;곽노경 옮김,라임,2019,9.79119E+12,,4,,863,1,1,2023-03-22
198,폴리네시아에서 온 아이,코슈카 지음;톰 오구마 그림;곽노경 옮김,라임,2019,9.79119E+12,,4,,863,1,1,2023-03-22
199,폴리네시아에서 온 아이,코슈카 지음;톰 오구마 그림;곽노경 옮김,라임,2019,9.79119E+12,,4,,863,1,1,2023-03-22
200,폴리네시아에서 온 아이,코슈카 지음;톰 오구마 그림;곽노경 옮김,라임,2019,9.79119E+12,,4,,863,1,1,2023-03-22
201,폴리네시아에서 온 아이,코슈카 지음;톰 오구마 그림;곽노경 옮김,라임,2019,9.79119E+12,,4,,863,1,1,2023-03-22
202,폴리네시아에서 온 아이,코슈카 지음;톰 오구마 그림;곽노경 옮김,라임,2019,9.79119E+12,,4,,863,1,1,2023-03-22
203,폴리네시아에서 온 아이,코슈카 지음;톰 오구마 그림;곽노경 옮김,라임,2019,9.79119E+12,,4,,863,1,1,2023-03-22
204,폴리네시아에서 온 아이,코슈카 지음;톰 오구마 그림;곽노경 옮김,라임,2019,9.79119E+12,,4,,863,1,1,2023-03-22
205,폴리네시아에서 온 아이,코슈카 지음;톰 오구마 그림;곽노경 옮김,라임,2019,9.79119E+12,,4,,863,1,1,2023-03-22
206,폴리네시아에서 온 아이,코슈카 지음;톰 오구마 그림;곽노경 옮김,라임,2019,9.79119E+12,,4,,863,1,1,2023-03-22
207,폴리네시아에서 온 아이,코슈카 지음;톰 오구마 그림;곽노경 옮김,라임,2019,9.79119E+12,,4,,863,1,1,2023-03-22
208,폴리네시아에서 온 아이,코슈카 지음;톰 오구마 그림;곽노경 옮김,라임,2019,9.79119E+12,,4,,863,1,1,2023-03-22
209,폴리네시아에서 온 아이,코슈카 지음;톰 오구마 그림;곽노경 옮김,라임,2019,9.79119E+12,,4,,863,1,1,2023-03-22
210,폴리네시아에서 온 아이,코슈카 지음;톰 오구마 그림;곽노경 옮김,라임,2019,9.79119E+12,,4,,863,1,1,2023-03-22
211,폴리네시아에서 온 아이,코슈카 지음;톰 오구마 그림;곽노경 옮김,라임,2019,9.79119E+12,,4,,863,1,1,2023-03-22
212,폴리네시아에서 온 아이,코슈카 지음;톰 오구마 그림;곽노경 옮김,라임,2019,9.79119E+12,,4,,863,1,1,2023-03-22
213,폴리네시아에서 온 아이,코슈카 지음;톰 오구마 그림;곽노경 옮김,라임,2019,9.79119E+12,,4,,863,1,1,2023-03-22
214,폴리네시아에서 온 아이,코슈카 지음;톰 오구마 그림;곽노경 옮김,라임,2019,9.79119E+12,,4,,863,1,1,2023-03-22
215,폴리네시아에서 온 아이,코슈카 지음;톰 오구마 그림;곽노경 옮김,라임,2019,9.79119E+12,,4,,863,1,1,2023-03-22
216,폴리네시아에서 온 아이,코슈카 지음;톰 오구마 그림;곽노경 옮김,라임,2019,9.79119E+12,,4,,863,1,1,2023-03-22
217,폴리네시아에서 온 아이,코슈카 지음;톰 오구마 그림;곽노경 옮김,라임,2019,9.79119E+12,,4,,863,1,1,2023-03-22
218,그 소문 들었어?,하야시 기린 글;쇼노 나오코 그림;김소연 옮김,천개의바람,2017,9.79119E+12,,7,,833.8,1,1,2023-03-22
219,그 소문 들었어?,하야시 기린 글;쇼노 나오코 그림;김소연 옮김,천개의바람,2017,9.79119E+12,,7,,833.8,1,1,2023-03-22
220,그 소문 들었어?,하야시 기린 글;쇼노 나오코 그림;김소연 옮김,천개의바람,2017,9.79119E+12,,7,,833.8,1,1,2023-03-22
221,그 소문 들었어?,하야시 기린 글;쇼노 나오코 그림;김소연 옮김,천개의바람,2017,9.79119E+12,,7,,833.8,1,1,2023-03-22
222,그 소문 들었어?,하야시 기린 글;쇼노 나오코 그림;김소연 옮김,천개의바람,2017,9.79119E+12,,7,,833.8,1,1,2023-03-22
223,그 소문 들었어?,하야시 기린 글;쇼노 나오코 그림;김소연 옮김,천개의바람,2017,9.79119E+12,,7,,833.8,1,1,2023-03-22
224,그 소문 들었어?,하야시 기린 글;쇼노 나오코 그림;김소연 옮김,천개의바람,2017,9.79119E+12,,7,,833.8,1,1,2023-03-22
225,그 소문 들었어?,하야시 기린 글;쇼노 나오코 그림;김소연 옮김,천개의바람,2017,9.79119E+12,,7,,833.8,1,1,2023-03-22
226,그 소문 들었어?,하야시 기린 글;쇼노 나오코 그림;김소연 옮김,천개의바람,2017,9.79119E+12,,7,,833.8,1,1,2023-03-22
227,그 소문 들었어?,하야시 기린 글;쇼노 나오코 그림;김소연 옮김,천개의바람,2017,9.79119E+12,,7,,833.8,1,1,2023-03-22
228,그 소문 들었어?,하야시 기린 글;쇼노 나오코 그림;김소연 옮김,천개의바람,2017,9.79119E+12,,7,,833.8,1,1,2023-03-22
229,그 소문 들었어?,하야시 기린 글;쇼노 나오코 그림;김소연 옮김,천개의바람,2017,9.79119E+12,,7,,833.8,1,1,2023-03-22
230,그 소문 들었어?,하야시 기린 글;쇼노 나오코 그림;김소연 옮김,천개의바람,2017,9.79119E+12,,7,,833.8,1,1,2023-03-22
231,그 소문 들었어?,하야시 기린 글;쇼노 나오코 그림;김소연 옮김,천개의바람,2017,9.79119E+12,,7,,833.8,1,1,2023-03-22
232,그 소문 들었어?,하야시 기린 글;쇼노 나오코 그림;김소연 옮김,천개의바람,2017,9.79119E+12,,7,,833.8,1,1,2023-03-22
233,그 소문 들었어?,하야시 기린 글;쇼노 나오코 그림;김소연 옮김,천개의바람,2017,9.79119E+12,,7,,833.8,1,1,2023-03-22
234,그 소문 들었어?,하야시 기린 글;쇼노 나오코 그림;김소연 옮김,천개의바람,2017,9.79119E+12,,7,,833.8,1,1,2023-03-22
235,그 소문 들었어?,하야시 기린 글;쇼노 나오코 그림;김소연 옮김,천개의바람,2017,9.79119E+12,,7,,833.8,1,1,2023-03-22
236,그 소문 들었어?,하야시 기린 글;쇼노 나오코 그림;김소연 옮김,천개의바람,2017,9.79119E+12,,7,,833.8,1,1,2023-03-22
237,그 소문 들었어?,하야시 기린 글;쇼노 나오코 그림;김소연 옮김,천개의바람,2017,9.79119E+12,,7,,833.8,1,1,2023-03-22
238,그 소문 들었어?,하야시 기린 글;쇼노 나오코 그림;김소연 옮김,천개의바람,2017,9.79119E+12,,7,,833.8,1,1,2023-03-22
239,그 소문 들었어?,하야시 기린 글;쇼노 나오코 그림;김소연 옮김,천개의바람,2017,9.79119E+12,,7,,833.8,1,1,2023-03-22
240,그 소문 들었어?,하야시 기린 글;쇼노 나오코 그림;김소연 옮김,천개의바람,2017,9.79119E+12,,7,,833.8,1,1,2023-03-22
241,그 소문 들었어?,하야시 기린 글;쇼노 나오코 그림;김소연 옮김,천개의바람,2017,9.79119E+12,,7,,833.8,1,1,2023-03-22
242,그 소문 들었어?,하야시 기린 글;쇼노 나오코 그림;김소연 옮김,천개의바람,2017,9.79119E+12,,7,,833.8,1,1,2023-03-22
243,그 소문 들었어?,하야시 기린 글;쇼노 나오코 그림;김소연 옮김,천개의바람,2017,9.79119E+12,,7,,833.8,1,1,2023-03-22
244,그 소문 들었어?,하야시 기린 글;쇼노 나오코 그림;김소연 옮김,천개의바람,2017,9.79119E+12,,7,,833.8,1,1,2023-03-22
245,그 소문 들었어?,하야시 기린 글;쇼노 나오코 그림;김소연 옮김,천개의바람,2017,9.79119E+12,,7,,833.8,1,1,2023-03-22
246,그 소문 들었어?,하야시 기린 글;쇼노 나오코 그림;김소연 옮김,천개의바람,2017,9.79119E+12,,7,,833.8,1,1,2023-03-22
247,그 소문 들었어?,하야시 기린 글;쇼노 나오코 그림;김소연 옮김,천개의바람,2017,9.79119E+12,,7,,833.8,1,1,2023-03-22
248,거꾸로 판사 똑바로 판결,루치아나 브레지아 글;바르바라 칸티니 그림;이현경 옮김,파랑새,2016,9.78896E+12,,7,,367,1,0,2023-03-22
249,거꾸로 판사 똑바로 판결,루치아나 브레지아 글;바르바라 칸티니 그림;이현경 옮김,파랑새,2016,9.78896E+12,,7,,367,1,0,2023-03-22
250,거꾸로 판사 똑바로 판결,루치아나 브레지아 글;바르바라 칸티니 그림;이현경 옮김,파랑새,2016,9.78896E+12,,7,,367,1,0,2023-03-22
251,거꾸로 판사 똑바로 판결,루치아나 브레지아 글;바르바라 칸티니 그림;이현경 옮김,파랑새,2016,9.78896E+12,,7,,367,1,0,2023-03-22
252,거꾸로 판사 똑바로 판결,루치아나 브레지아 글;바르바라 칸티니 그림;이현경 옮김,파랑새,2016,9.78896E+12,,7,,367,1,0,2023-03-22
253,거꾸로 판사 똑바로 판결,루치아나 브레지아 글;바르바라 칸티니 그림;이현경 옮김,파랑새,2016,9.78896E+12,,7,,367,1,0,2023-03-22
254,거꾸로 판사 똑바로 판결,루치아나 브레지아 글;바르바라 칸티니 그림;이현경 옮김,파랑새,2016,9.78896E+12,,7,,367,1,0,2023-03-22
255,거꾸로 판사 똑바로 판결,루치아나 브레지아 글;바르바라 칸티니 그림;이현경 옮김,파랑새,2016,9.78896E+12,,7,,367,1,0,2023-03-22
256,거꾸로 판사 똑바로 판결,루치아나 브레지아 글;바르바라 칸티니 그림;이현경 옮김,파랑새,2016,9.78896E+12,,7,,367,1,0,2023-03-22
257,거꾸로 판사 똑바로 판결,루치아나 브레지아 글;바르바라 칸티니 그림;이현경 옮김,파랑새,2016,9.78896E+12,,7,,367,1,1,2023-03-22
258,거꾸로 판사 똑바로 판결,루치아나 브레지아 글;바르바라 칸티니 그림;이현경 옮김,파랑새,2016,9.78896E+12,,7,,367,1,1,2023-03-22
259,거꾸로 판사 똑바로 판결,루치아나 브레지아 글;바르바라 칸티니 그림;이현경 옮김,파랑새,2016,9.78896E+12,,7,,367,1,0,2023-03-22
260,거꾸로 판사 똑바로 판결,루치아나 브레지아 글;바르바라 칸티니 그림;이현경 옮김,파랑새,2016,9.78896E+12,,7,,367,1,0,2023-03-22
261,거꾸로 판사 똑바로 판결,루치아나 브레지아 글;바르바라 칸티니 그림;이현경 옮김,파랑새,2016,9.78896E+12,,7,,367,1,1,2023-03-22
262,거꾸로 판사 똑바로 판결,루치아나 브레지아 글;바르바라 칸티니 그림;이현경 옮김,파랑새,2016,9.78896E+12,,7,,367,1,0,2023-03-22
263,거꾸로 판사 똑바로 판결,루치아나 브레지아 글;바르바라 칸티니 그림;이현경 옮김,파랑새,2016,9.78896E+12,,7,,367,1,0,2023-03-22
264,거꾸로 판사 똑바로 판결,루치아나 브레지아 글;바르바라 칸티니 그림;이현경 옮김,파랑새,2016,9.78896E+12,,7,,367,1,0,2023-03-22
265,거꾸로 판사 똑바로 판결,루치아나 브레지아 글;바르바라 칸티니 그림;이현경 옮김,파랑새,2016,9.78896E+12,,7,,367,1,1,2023-03-22
266,거꾸로 판사 똑바로 판결,루치아나 브레지아 글;바르바라 칸티니 그림;이현경 옮김,파랑새,2016,9.78896E+12,,7,,367,1,1,2023-03-22
267,거꾸로 판사 똑바로 판결,루치아나 브레지아 글;바르바라 칸티니 그림;이현경 옮김,파랑새,2016,9.78896E+12,,7,,367,1,1,2023-03-22
268,거꾸로 판사 똑바로 판결,루치아나 브레지아 글;바르바라 칸티니 그림;이현경 옮김,파랑새,2016,9.78896E+12,,7,,367,1,1,2023-03-22
269,거꾸로 판사 똑바로 판결,루치아나 브레지아 글;바르바라 칸티니 그림;이현경 옮김,파랑새,2016,9.78896E+12,,7,,367,1,1,2023-03-22
270,거꾸로 판사 똑바로 판결,루치아나 브레지아 글;바르바라 칸티니 그림;이현경 옮김,파랑새,2016,9.78896E+12,,7,,367,1,1,2023-03-22
271,거꾸로 판사 똑바로 판결,루치아나 브레지아 글;바르바라 칸티니 그림;이현경 옮김,파랑새,2016,9.78896E+12,,7,,367,1,1,2023-03-22
272,거꾸로 판사 똑바로 판결,루치아나 브레지아 글;바르바라 칸티니 그림;이현경 옮김,파랑새,2016,9.78896E+12,,7,,367,1,1,2023-03-22
273,거꾸로 판사 똑바로 판결,루치아나 브레지아 글;바르바라 칸티니 그림;이현경 옮김,파랑새,2016,9.78896E+12,,7,,367,1,1,2023-03-22
274,거꾸로 판사 똑바로 판결,루치아나 브레지아 글;바르바라 칸티니 그림;이현경 옮김,파랑새,2016,9.78896E+12,,7,,367,1,1,2023-03-22
275,거꾸로 판사 똑바로 판결,루치아나 브레지아 글;바르바라 칸티니 그림;이현경 옮김,파랑새,2016,9.78896E+12,,7,,367,1,1,2023-03-22
276,거꾸로 판사 똑바로 판결,루치아나 브레지아 글;바르바라 칸티니 그림;이현경 옮김,파랑새,2016,9.78896E+12,,7,,367,1,1,2023-03-22
277,거꾸로 판사 똑바로 판결,루치아나 브레지아 글;바르바라 칸티니 그림;이현경 옮김,파랑새,2016,9.78896E+12,,7,,367,1,1,2023-03-22
278,5번 레인,은소홀 글;노인경 그림,문학동네,2020,9.78895E+12,,7,,813.8,1,1,2023-03-22
279,5번 레인,은소홀 글;노인경 그림,문학동네,2020,9.78895E+12,,7,,813.8,1,1,2023-03-22
280,5번 레인,은소홀 글;노인경 그림,문학동네,2020,9.78895E+12,,7,,813.8,1,1,2023-03-22
281,5번 레인,은소홀 글;노인경 그림,문학동네,2020,9.78895E+12,,7,,813.8,1,1,2023-03-22
282,5번 레인,은소홀 글;노인경 그림,문학동네,2020,9.78895E+12,,7,,813.8,1,1,2023-03-22
283,5번 레인,은소홀 글;노인경 그림,문학동네,2020,9.78895E+12,,7,,813.8,1,1,2023-03-22
284,5번 레인,은소홀 글;노인경 그림,문학동네,2020,9.78895E+12,,7,,813.8,1,1,2023-03-22
285,5번 레인,은소홀 글;노인경 그림,문학동네,2020,9.78895E+12,,7,,813.8,1,1,2023-03-22
286,5번 레인,은소홀 글;노인경 그림,문학동네,2020,9.78895E+12,,7,,813.8,1,1,2023-03-22
287,5번 레인,은소홀 글;노인경 그림,문학동네,2020,9.78895E+12,,7,,813.8,1,1,2023-03-22
288,5번 레인,은소홀 글;노인경 그림,문학동네,2020,9.78895E+12,,7,,813.8,1,1,2023-03-22
289,5번 레인,은소홀 글;노인경 그림,문학동네,2020,9.78895E+12,,7,,813.8,1,1,2023-03-22
290,5번 레인,은소홀 글;노인경 그림,문학동네,2020,9.78895E+12,,7,,813.8,1,1,2023-03-22
291,5번 레인,은소홀 글;노인경 그림,문학동네,2020,9.78895E+12,,7,,813.8,1,1,2023-03-22
292,5번 레인,은소홀 글;노인경 그림,문학동네,2020,9.78895E+12,,7,,813.8,1,1,2023-03-22
293,5번 레인,은소홀 글;노인경 그림,문학동네,2020,9.78895E+12,,7,,813.8,1,1,2023-03-22
294,5번 레인,은소홀 글;노인경 그림,문학동네,2020,9.78895E+12,,7,,813.8,1,1,2023-03-22
295,5번 레인,은소홀 글;노인경 그림,문학동네,2020,9.78895E+12,,7,,813.8,1,1,2023-03-22
296,5번 레인,은소홀 글;노인경 그림,문학동네,2020,9.78895E+12,,7,,813.8,1,1,2023-03-22
297,5번 레인,은소홀 글;노인경 그림,문학동네,2020,9.78895E+12,,7,,813.8,1,1,2023-03-22
298,5번 레인,은소홀 글;노인경 그림,문학동네,2020,9.78895E+12,,7,,813.8,1,1,2023-03-22
299,5번 레인,은소홀 글;노인경 그림,문학동네,2020,9.78895E+12,,7,,813.8,1,1,2023-03-22
300,5번 레인,은소홀 글;노인경 그림,문학동네,2020,9.78895E+12,,7,,813.8,1,1,2023-03-22
301,5번 레인,은소홀 글;노인경 그림,문학동네,2020,9.78895E+12,,7,,813.8,1,1,2023-03-22
302,5번 레인,은소홀 글;노인경 그림,문학동네,2020,9.78895E+12,,7,,813.8,1,1,2023-03-22
303,5번 레인,은소홀 글;노인경 그림,문학동네,2020,9.78895E+12,,7,,813.8,1,1,2023-03-22
304,5번 레인,은소홀 글;노인경 그림,문학동네,2020,9.78895E+12,,7,,813.8,1,1,2023-03-22
305,5번 레인,은소홀 글;노인경 그림,문학동네,2020,9.78895E+12,,7,,813.8,1,1,2023-03-22
306,5번 레인,은소홀 글;노인경 그림,문학동네,2020,9.78895E+12,,7,,813.8,1,1,2023-03-22
307,5번 레인,은소홀 글;노인경 그림,문학동네,2020,9.78895E+12,,7,,813.8,1,1,2023-03-22
308,마음의 표정을 읽는 아이들:어린이를 위한 감정 표현 동화,장인혜(이네쌤) 글;은정지음 그림,한경BP,2022,9.78895E+12,,7,,181.7,1,0,2023-03-21
309,있는 그대로 카타르,이세형 지음,초록비책공방,2022,9.79119E+12,,0,,909,1,0,2023-03-21
310,있는 그대로 알제리,박연구원 지음,초록비책공방,2022,9.79119E+12,,0,,909,1,0,2023-03-21
311,2100년 12월 31일,길상효 [외]지음,우리학교,2022,9.79117E+12,,4,,810.82,1,0,2023-03-21
312,나는 행복한 얼룩말입니다,고은결;이서희 외 지음,민음사,2022,9.78894E+12,,0,,810.82,1,0,2023-03-21
313,(2023) 現代文學賞 수상소설집.,안보윤 외 지음,현대문학,2022,9.79117E+12,,0,68,813.7082,1,0,2023-03-21
314,불장난,손보미 [외]지음,문학사상,2022,9.78897E+12,,0,,813.6082,1,0,2023-03-21
315,인류세 쫌 아는 10대:인류세가 지구의 마지막 시대가 되지 않으려면,허정림 글;이혜원 그림,풀빛,2022,9.79116E+12,,4,,408,1,0,2023-03-21
316,회계사 어떻게 되었을까?:현직 회계사를 통해 알아보는 리얼 직업 이야기,캠퍼스멘토 편집부 지음,캠퍼스멘토,2022,9.79119E+12,,4,,321.55,1,0,2023-03-21
317,언어재활사는 이렇게 일한다:단절된 세상과의 소통을 돕는 치료사 되기,우정수 지음,청년의사,2022,9.7912E+12,,1,,321.55,1,0,2023-03-21
318,물리치료사는 이렇게 일한다:환자를 일상으로 안내하는 재활전문가 되기,최명원 지음,청년의사,2022,9.7912E+12,,1,,321.55,1,0,2023-03-21
319,엄마는 달린다,이수연 지음;밤코 그림,발견,2022,9.79116E+12,,7,,813.8,1,0,2023-03-21
320,(Who? 한국사) 최제우·최시형,권용찬 글;김모락 그림,다산어린이,2022,9.79113E+12,,1,36,991.1,1,0,2023-03-21
321,(Who? 한국사) 정조,최재훈 글;전상훈 그림,다산어린이,2020,9.79113E+12,,1,31,991.1,1,0,2023-03-21
322,(Who? 한국사) 선덕 여왕,김정욱 글;서영희 그림,다산어린이,2022,9.79113E+12,,1,42,991.1,1,0,2023-03-21
323,(Who? 한국사) 대조영,김모락 글·그림,다산어린이,2022,9.79113E+12,,1,9,991.1,1,0,2023-03-21
324,(Who? 한국사) 김홍도·신윤복,"김승민 글;서혁,툰쟁이 [공]그림",다산어린이,2022,9.79113E+12,,1,30,991.1,1,0,2023-03-21
325,(Who? 한국사) 김만덕·임상옥,"오수연 글;서영희,김종현 [공]그림",다산어린이,2022,9.79113E+12,,1,32,991.1,1,0,2023-03-21
326,(Who? 한국사) 광해군,박현비 글;신정훈 그림,다산어린이,2022,9.79113E+12,,1,29,991.1,1,0,2023-03-21
327,LIVE 세계사,조영선 지음;툰쟁이 그림,천재교육(학습지),2022,9.79113E+12,,7,10,909,1,0,2023-03-21
328,LIVE 세계사,권용찬 지음;최우빈 그림,천재교육(학습지),2023,9.79113E+12,,7,9,909,1,0,2023-03-21
329,LIVE 세계사,이한율 지음;윤재홍 그림,천재교육(학습지),2022,9.79113E+12,,7,8,909,1,0,2023-03-21
330,LIVE 세계사,박소영 지음;윤남선 그림,천재교육(학습지),2022,9.79113E+12,,7,7,909,1,0,2023-03-21
331,LIVE 세계사,유경원 지음;김기수 그림,천재교육(학습지),2022,9.79113E+12,,7,6,909,1,0,2023-03-21
332,호기심 소녀의 어쩌다 세계 축제 여행,박현숙 글;김병하 그림,개암나무,2023,9.78897E+12,,7,,386,1,0,2023-03-21
333,한국사 숨은 그림 찾기,송영심 글;이혁 그림,메가스터디북스,2022,9.79113E+12,,6,2,911,1,0,2023-03-21
334,초등학생을 위한 역사란 무엇인가,"김한종,김승미,박선경 [공]지음",책과함께어린이,2022,9.79119E+12,,7,,911,1,0,2023-03-21
335,(참 쉬운) 뚝딱 한국사,이기범 지음;강혜숙 그림,비룡소,2023,9.78895E+12,,7,6,911,1,0,2023-03-21
336,(참 쉬운) 뚝딱 한국사 5,나동철 지음;강혜숙 그림,비룡소,2023,9.78895E+12,,7,5,911,1,0,2023-03-21
337,주말에는 우리 강을 여행할래!,정은주 글;김현영 그림,풀빛,2022,9.79116E+12,,7,,981.1,1,0,2023-03-21
338,(자연 다큐 백과) 고대 이집트,"크리스핀 보이어,제임스 앨런 [공]지음;이한음 옮김",비룡소,2022,9.78895E+12,,7,,931.1,1,0,2023-03-21
339,"임진왜란, 땅과 바다의 이야기",윤선아 글;이경석 그림,천개의바람,2022,9.79117E+12,,7,16,911,1,0,2023-03-21
340,와글와글 세계지리 속으로,클라우디아 마틴 글;서지희 옮김,다섯수레,2022,9.78897E+12,,7,,980.24,1,0,2023-03-21
341,(옐로우 큐의 살아있는) 세계여행 박물관,양승현 글;조히 그림,안녕로빈,2023,9.79119E+12,,7,2,980.24,1,0,2023-03-21
342,(역사탐정 만두와 함께하는) 이야기 한국사,이정환 지음,지노,2023,9.79119E+12,,7,,911,1,0,2023-03-21
343,(어린이를 위한) 역사의 쓸모,최태성 글;신진호 그림,다산북스,2022,9.79113E+12,,7,3,911,1,0,2023-03-21
344,얍얍! 팩트로 혼내 주기,서지원 글;순순 그림,다림,2023,9.78896E+12,,7,,911,1,0,2023-03-21
345,알면 생생한 세계 전쟁사,햇살과나무꿈 글;김유 그림,한울림,2022,9.79116E+12,,7,,909,1,0,2023-03-21
346,알면 똑똑해 지리,"박동한,이윤지 [공]지음",멀리깊이,2022,9.79119E+12,,7,,980,1,0,2023-03-21
347,시민과 황제의 나라 로마 제국,박혜정 글;김은희 그림,휴먼어린이,2022,9.78897E+12,,0,5,909,1,0,2023-03-21
348,보물섬 독도와 친구 되기,연두세상 편집부 편,연두세상,2022,9.79119E+12,,6,,911.8295,1,0,2023-03-21
349,벌거벗은 한국사,윤진숙 글;이효실 그림,아울북,2023,9.78895E+12,,7,1,911,1,0,2023-03-21
350,런던,이양훈 글;정유진 그림,성림주니어북,2023,9.79119E+12,,7,,982.402,1,0,2023-03-21
351,꿈꾸는 한국사,심용환 지음,멀리깊이,2022,9.79119E+12,,7,3,911,1,0,2023-03-21
352,14마리의 아침밥,이와무라 카즈오 지음;박지석 옮김,진선출판사,2022,9.79119E+12,,7,,833.8,1,0,2023-03-21
353,14마리의 달맞이,이와무라 카즈오 지음;박지석 옮김,진선아이,2022,9.79119E+12,,7,,833.8,1,0,2023-03-21
354,14마리의 겨울나기,이와무라 카즈오 지음;박지석 옮김,진선출판사,2022,9.79119E+12,,7,,833.8,1,0,2023-03-21
355,100곰,나비야씨 글·그림,비룡소,2022,9.78895E+12,,7,,813.8,1,0,2023-03-21
356,흔적,한밤비 글·그림,Brontesalon(브론테살롱),2022,9.7912E+12,,0,,813.8,1,0,2023-03-21
357,꼬마 낭도와 삼국 통일,김희남 글;이로우 그림,천개의바람,2022,9.79117E+12,,7,7,911,1,0,2023-03-21
358,3학년 27반 비밀 교실,이승민 글;신성희 그림,토토북,2022,9.78896E+12,,7,,813.8,1,0,2023-03-21
359,호랑이를 사랑하는 법,다비드 칼리 글;가브리엘 피노 그림;나선희 옮김,책빛,2023,9.78896E+12,,7,,863,1,0,2023-03-21
360,형제의 숲,유키코 노리다케 글·그림;이경혜 옮김,봄볕,2022,9.79119E+12,,7,6,808.91,1,0,2023-03-21
361,함께라서 좋아,김경애 글;키큰나무 그림,을파소,2022,9.78895E+12,,7,10,808.91,1,0,2023-03-21
362,할아버지 집에 공룡이 있어요,다비드 칼리 글;세바스티앙 무랭 그림;박정연 옮김,진선아이,2023,9.79119E+12,,7,,863,1,0,2023-03-21
363,하늘 높이 핫케이크,종종 글·그림,그린북,2023,9.78896E+12,,7,,813.8,1,0,2023-03-21
364,플라스틱 해결사,샐리 가드너 글;리디아 코리 그림;이은선 옮김,주니어RHK(주니어랜덤),2023,9.78893E+12,,7,3,843.6,1,0,2023-03-21
365,플라스틱 해결사,샐리 가드너 글;리디아 코리 그림;이은선 옮김,주니어RHK(주니어랜덤),2022,9.78893E+12,,7,2,843,1,0,2023-03-21
366,플라스틱 해결사,샐리 가드너 지음;리디아 코리 그림;이은선 옮김,알에이치코리아,2022,9.78893E+12,,7,1,843,1,0,2023-03-21
367,포도 꿀꺽,현민경 지음,창비,2022,9.78894E+12,,7,,813.8,1,0,2023-03-21
368,태양의 마녀 나코와 코기 봉봉,히로시마 레이코 글;KeG 그림;김정화 옮김,웅진주니어,2022,9.7889E+12,,7,5,833.8,1,0,2023-03-21
369,태양의 마녀 나코와 코기 봉봉,히로시마 레이코 지음;KeG 그림;김정화 옮김,웅진씽크빅,2022,9.7889E+12,9.7889E+12,7,4,833.8,1,0,2023-03-21
370,태양의 마녀 나코와 코기 봉봉,히로시마 레이코 글;KeG 그림;김정화 옮김,웅진씽크빅,2022,9.7889E+12,9.7889E+12,7,3,833.8,1,0,2023-03-21
371,"탐정 삼손, 잃어버린 보물을 찾아 줘!",카테리나 고렐리크 지음;홍연미 옮김,시공주니어,2023,9.79117E+12,,7,,892.83,1,0,2023-03-21
372,코딱지 바이러스,신채연 글;리노 그림,책속물고기,2022,9.79116E+12,,7,,813.8,1,0,2023-03-21
373,커다란 비밀 친구,경혜원 지음,창비,2022,9.78894E+12,,7,,813.8,1,0,2023-03-21
374,칠판 앞에 나가기 싫어,다니엘 포세트 글;베로니크 보아리 그림;최윤정 옮김,비룡소,2022,9.78895E+12,,7,,863,1,0,2023-03-21
375,첫 인사,클레르 르부르 지음;미카엘 주르당 그림;신정숙 옮김,옐로스톤,2023,9.79119E+12,,7,,863,1,0,2023-03-21
376,천년손이 고민해결사무소,김성효 글;정용환 그림,해냄(해냄출판사),2022,9.79117E+12,9.78897E+12,7,3,813.8,1,0,2023-03-21
377,창 너머 산속에,마이로 벨리니 글;마리안나 코포 그림;신은아 옮김,베로니카이펙트,2023,9.7912E+12,,7,,883,1,0,2023-03-21
378,줄타기 한판,민하 지음,글로연,2022,9.78899E+12,,7,,813.8,1,0,2023-03-21
379,조선 최고 꾼,김정민 글;이영환 그림,비룡소,2022,9.78895E+12,,7,45,808.9,1,0,2023-03-21
380,"조금만, 조금만 더",소연정 글·그림,모든요일그림책,2023,9.78893E+12,,7,,813.8,1,0,2023-03-21
381,졌다!,이은서 글;홍그림 그림;박소영 해설,책읽는곰,2022,9.79116E+12,,7,13,375.1,1,0,2023-03-21
382,정말정말 이상하고 신기한 하루,크리스틴 나우만빌맹 글;그레구아르 마비르 그림;이세진 옮김,길벗어린이,2023,9.78896E+12,,7,,863,1,0,2023-03-21
383,절대로 누르면 안 돼! 생일 케이크도,빌 코터 글·그림;이정훈 옮김,북뱅크,2023,9.78897E+12,,7,6,843,1,0,2023-03-21
384,저랑 거래하실래요?,이수용 글;차상미 그림,별숲,2022,9.79119E+12,,7,,813.8,1,0,2023-03-21
385,잠이 안 오니?,윤소영 글;김진미 그림,제제의숲,2023,9.79116E+12,,7,,813.8,1,0,2023-03-21
386,작은 임금님,미우라 타로 지음;황진희 옮김,비룡소,2023,9.78895E+12,,7,,833.8,1,0,2023-03-21
387,작으면 뭐가 어때서!,마야 마이어스 글;염혜원 그림,비룡소,2023,9.78895E+12,,7,319,808.9,1,0,2023-03-21
388,자린고비,노인경 지음,문학동네,2022,9.78895E+12,,0,,818,1,0,2023-03-21
389,일곱 할머니와 놀이터,구돌 글·그림,비룡소,2022,9.78895E+12,,7,75,808.9,1,0,2023-03-21
390,이웃집 프로파일러 하이다의 사건 파일,선자은 글;이태영 그림,아울북,2023,9.78895E+12,,7,1,813.8,1,0,2023-03-21
391,이 선을 넘지 말아 줄래?,백혜영 지음,한울림,2022,9.79116E+12,,7,,813.8,1,0,2023-03-21
392,이사도라 문,해리엇 먼캐스터 지음;심연희 옮김,을파소,2023,9.78895E+12,,7,14,843,1,0,2023-03-21
393,이리의 형제,허교범 글;산사 그림,창비,2022,9.78894E+12,9.78894E+12,7,3,813.8,1,0,2023-03-21
394,이리의 형제,허교범 글;산사 그림,창비,2022,9.78894E+12,9.78894E+12,7,2,813.8,1,0,2023-03-21
395,이리의 형제,허교범 지음;산사 그림,창비,2022,9.78894E+12,9.78894E+12,7,1,813.8,1,0,2023-03-21
396,윤초옥 실종 사건,전여울 지음;가지 그림,사계절,2023,9.79117E+12,,7,,813.8,1,0,2023-03-21
397,윙페더 사가,앤드루 피터슨 지음;김선영 옮김,다산북스,2022,9.79113E+12,9.79113E+12,7,3,843,1,0,2023-03-21
398,워터 프로텍터,캐롤 린드스트롬 글;미카엘라 고드 그림;노은정 옮김,오늘책,2022,9.79117E+12,,7,,843,1,0,2023-03-21
399,우리는 언제나 너를 믿어,베스 페리 글;몰리 아이들 그림;김세실 옮김,나무말미,2022,9.79119E+12,,7,,843,1,0,2023-03-21
400,우리는 벚꽃이야,천미진 글;신진호 그림,다림,2022,9.78896E+12,,7,,813.8,1,0,2023-03-21
401,우리 함께 있어,한솔 글·그림,천개의바람,2023,9.79117E+12,,7,,813.8,1,0,2023-03-21
402,우리 할머니는 사이보그,남유하 글;선개 그림,해와나무,2023,9.78896E+12,,7,,813.8,1,0,2023-03-21
403,우리 집 고양이,타카하시 카즈에 글·그림;유지은 옮김,천개의바람,2022,9.79117E+12,,7,,833.8,1,0,2023-03-21
404,우리 반 곰 친구,장유위 글;마오위 그림;조은 옮김,책과콩나무,2023,9.79119E+12,,7,,823.7,1,0,2023-03-21
405,외로움 반장,백혜영 글;남수 그림,국민서관,2022,9.78891E+12,,7,,813.8,1,0,2023-03-21
406,오로라와 신비한 책방,"뚜비뚜밥,박진우 [공]지음",오호라,2023,9.7912E+12,,7,1,813.8,1,0,2023-03-21
407,오늘도 고고고!,석철원 글·그림,만만한책방,2022,9.79119E+12,,7,,813.8,1,0,2023-03-21
408,열매의 노래,미카엘라 고드 지음;명혜권 옮김,파랑서재,2022,9.7912E+12,,7,,843,1,0,2023-03-21
409,열 살 달인 최건우,이수용 지음;홍그림 그림,별숲,2022,9.79119E+12,,7,,813.8,1,0,2023-03-21
410,여우 목도리,유지우 지음,봄볕,2023,9.79119E+12,,7,12,808.91,1,0,2023-03-21
411,에르고,알렉시스 디컨 글;비비안 슈바르츠 그림;노은정 옮김,비룡소,2023,9.78895E+12,,,,843,1,0,2023-03-21
412,엉뚱한 문방구,간장 글·그림,제제의숲,2022,9.79116E+12,,7,,813.8,1,0,2023-03-21
413,(뿌웅~) 엉뚱한 기자 김방구,주봄 글;한승무 그림,비룡소,2022,9.78895E+12,,7,,813.8,1,0,2023-03-21
414,엄마랑 약속해,최형미 글;이미정 그림,북이십일,2022,9.78895E+12,,7,7,808.91,1,0,2023-03-21
415,엄마는 모를걸?,심은지 지음,봄볕,2022,9.79119E+12,,7,,813.8,1,0,2023-03-21
416,엄마 아빠를 화나게 하는 완벽한 방법,가브리엘라 발린 글;안나 아파리시오 카탈라 그림;김여진 옮김,나무말미,2022,9.79119E+12,,7,,883,1,0,2023-03-21
417,언니는 외계인,이재문 지음;김나연 그림,허블,2022,9.79119E+12,,7,,813.8,1,0,2023-03-21
418,어디서 똥냄새가 나는데!,벤 호크스 글·그림;김지연 번역,너와숲,2022,9.79119E+12,,7,,843,1,0,2023-03-21
419,"안녕, 몬스","장유하,김윤아,이용호 [공]글;전미영 그림",샘터(샘터사),2022,9.78895E+12,,7,,813.8,1,0,2023-03-21
420,"안녕, 루시!",파토 메나 지음;김정하 옮김,을파소,2023,9.78895E+12,,7,,873,1,0,2023-03-21
421,안내견 탄실이,고정욱 글;김동성 그림,오늘책,2022,9.79117E+12,,7,,813.8,1,0,2023-03-21
422,아주 특별한 마법의 막대기,로엘 세이델 글·그림;박지예 옮김,봄날의곰,2023,9.7912E+12,,7,,859.3,1,0,2023-03-21
423,아빠랑 안 맞아!,전수경 지음;윤봉선 그림,창비,2022,9.78894E+12,,7,62,813.8,1,0,2023-03-21
424,아무것도 하고 싶지 않은 곰,다비드 칼리 글;랄랄리몰라 그림;엄혜숙 옮김,나무말미,2022,9.79119E+12,,7,,883,1,0,2023-03-21
425,심술쟁이 감기 마녀,박지수 글·그림,풀빛,2022,9.79116E+12,,7,3,372.42,1,0,2023-03-21
426,(신기한 맛) 도깨비 식당,"김용세,김병섭 [공]글;센개 그림",꿈터,2022,9.79117E+12,9.79117E+12,7,3,813.8,1,0,2023-03-21
427,스토리 마스터스,히로시마 레이코 글;에구치 나쓰미 그림;김난주 옮김,미래엔아이세움,2022,9.79117E+12,,7,1,833.8,1,0,2023-03-21
428,슈퍼 토끼의 결심,프란치스카 비어만 글·그림;송순섭 옮김,주니어김영사,2022,9.78893E+12,,7,,853,1,0,2023-03-21
429,숨지 말고 나와 봐,서지혜 지음,책읽는곰,2023,9.79116E+12,,7,95,808.91,1,0,2023-03-21
430,수염 퐁이 퐁!,가나자와 마코토 글·그림;김보나 옮김,웅진주니어,2023,9.7889E+12,,7,235,808.91,1,0,2023-03-21
431,수상한 보건실,소메야 가코 글;히즈기 그림;김소연 옮김,책읽는곰,2023,9.79116E+12,,7,69,808.91,1,0,2023-03-21
432,수상한 보건실,소메야 가코 지음;히즈기 그림;김소연 옮김,책읽는곰,2022,9.79116E+12,,7,68,808.91,1,0,2023-03-21
433,손을 내밀었다,허정윤 글;조원희 그림,한솔수북,2023,9.79119E+12,,7,,813.8,1,0,2023-03-21
434,소원 코딱지를 드릴게요,이승민 글;박현주 그림,풀과바람,2022,9.78898E+12,,7,,813.8,1,0,2023-03-21
435,소녀와 고양이와 항해사,마틸다 우즈 지음;아누스카 아예푸스 그림;김래경 옮김,양철북(양철북출판사),2022,9.78896E+12,,7,,843,1,0,2023-03-21
436,세상에서 가장 아름다운 경기,마이클 포맨 지음;강이경 옮김,도토리숲,2022,9.79119E+12,,7,,843,1,0,2023-03-21
437,세모의 완벽한 자리,나오미 존스 지음;제임스 존스 그림;장미란 옮김,책읽는곰,2022,9.79116E+12,,7,,843,1,0,2023-03-21
438,설전도 수련관,김경미 글;센개 그림,슈크림북,2022,9.79119E+12,,7,1,813.8,1,0,2023-03-21
439,선생님을 만나서,코비 야마다 글;나탈리 러셀 그림;김여진 옮김,나는별,2022,9.79119E+12,,7,,843,1,0,2023-03-21
440,삘릴리 범범,박정섭 글;이육남 그림,사계절(사계절출판사),2022,9.79116E+12,,7,,813.8,1,0,2023-03-21
441,삐악 삐악 할머니 집,구도 노리코 글·그림;한라경 옮김,책내음,2022,9.79119E+12,,7,,833.8,1,0,2023-03-21
442,삐악삐악 크리스마스,쿠도 노리코 글·그림;한라경 옮김,책내음,2022,9.79119E+12,,7,,833.8,1,0,2023-03-21
443,삐악삐악 첫 캠핑,구도 노리코 글·그림;한라경 옮김,책내음,2022,9.79119E+12,,7,,833.6,1,0,2023-03-21
444,삐악삐악 슈퍼마켓,구도 노리코 글·그림;한라경 옮김,책내음,2022,9.79119E+12,,7,,833.8,1,0,2023-03-21
445,삐악삐악 생일 파티,구도 노리코 글·그림;한라경 옮김,책내음,2022,9.79119E+12,,7,,833.6,1,0,2023-03-21
446,빨간 조끼 여우의 장신구 가게,김미혜 글;김혜원 그림,사계절,2023,9.79116E+12,,7,,813.8,1,0,2023-03-21
447,빅토리아 스티치,해리엇 먼캐스터 지음;심연희 옮김,북이십일,2022,9.78895E+12,9.78895E+12,7,2,843,1,0,2023-03-21
448,비오는 날의 소풍,마세 나오카타 지음;정영원 옮김,비룡소,2022,9.78895E+12,,7,,833.8,1,0,2023-03-21
449,블라인드,잠뜰TV 원작;한바리 글;루체 그림,서울문화사,2022,9.79117E+12,,7,6,813.8,1,0,2023-03-21
450,블라인드,잠뜰TV 원작;한바리 글;루체 그림,서울문화사,2021,9.79117E+12,9.79116E+12,7,5,813.8,1,0,2023-03-21
451,불가사리를 기억해,유영소 글;이영림 그림,사계절(사계절출판사),2022,9.79116E+12,,7,71,808.9,1,0,2023-03-21
452,봄 여름 가을 겨울의 꿈,"리사 아이사토,하디 엔지 [공]글·그림;김상열 옮김",북뱅크,2023,9.78897E+12,,7,,859.82,1,0,2023-03-21
453,복면공주,"샤넌 헤일,딘 헤일 [공]글;르웬 팜 그림;윤영 옮김",다산어린이,2022,9.79113E+12,,7,8,843,1,0,2023-03-21
454,복면공주,"샤넌 헤일,딘 헤일 [공]글;르웬 팜 그림;윤영 옮김",다산어린이,2022,9.79113E+12,,7,7,843,1,0,2023-03-21
455,복면공주,"샤넌 헤일,딘 헤일 [공]글;르웬 팜 그림;윤영 옮김",다산어린이,2022,9.79113E+12,,7,6,843,1,0,2023-03-21
456,복면공주,"샤넌 헤일,딘 헤일 [공]글;르웬 팜 그림;윤영 옮김",다산어린이,2022,9.79113E+12,,7,5,843,1,0,2023-03-21
457,베서니와 괴물,잭 메기트-필립스 글;이사벨 폴라트 그림;강나은 옮김,다산북스,2022,9.79113E+12,,7,3,843,1,0,2023-03-21
458,백과사전 먹는 도깨비 얌얌이,엠마 야렛 글·그림;이순영 옮김,북극곰,2022,9.79117E+12,,7,,843.6,1,0,2023-03-21
459,배고픈 늑대가 사냥하는 방법,밤코 글·그림,미래엔아이세움,2022,9.79117E+12,,7,,813.8,1,0,2023-03-21
460,밥밥밥,이주미 지음,올리,2023,9.79117E+12,,7,,813.8,1,0,2023-03-21
461,바닷가 아틀리에,호리카와 리마코 글·그림;김숙 옮김,북뱅크,2022,9.78897E+12,,7,,833.8,1,0,2023-03-21
462,미지의 파랑,차율이 글;샤토 그림,비룡소,2020,9.78895E+12,,7,3,813.8,1,0,2023-03-21
463,미지의 파랑,차율이 글;샤토 그림,비룡소,2022,9.78895E+12,,7,2,813.8,1,0,2023-03-21
464,미지의 파랑,차율이 글;샤토 그림,비룡소,2022,9.78895E+12,,7,1,813.8,1,0,2023-03-21
465,문 밖에 사자가 있다,윤아해 글;조원희 그림,뜨인돌어린이,2023,9.78896E+12,,7,,813.8,1,0,2023-03-21
466,무쇠인간,테드 휴즈 글;크리스 몰드 그림;조호근 옮김,시공주니어,2023,9.79117E+12,,7,,843,1,0,2023-03-21
467,무무에게,심통 글·그림,보림,2023,9.78894E+12,,7,,813.8,1,0,2023-03-21
468,모자의 숲,김승연 글·그림,텍스트컨텍스트,2022,9.789E+12,,0,,813.8,1,0,2023-03-21
469,멍청한 두덕 씨와 왕도둑,김기정 글;허구 그림,미세기,2022,9.78898E+12,,7,,813.8,1,0,2023-03-21
470,맙소사 오해해서 미안해,이승민 글;박정섭 그림,풀빛,2022,9.79116E+12,,7,,813.8,1,0,2023-03-21
471,마트료시카,유은실 글;김지현 그림,사계절(사계절출판사),2022,9.79116E+12,,7,,813.8,1,0,2023-03-21
472,마스크 요정과 꼬마꽃벌,정범종 글;김재희 그림,문학동네,2022,9.78895E+12,,7,,813.8,1,0,2023-03-21
473,마법 숲 탐정,선자은 글;이경희 그림,슈크림북,2023,9.79119E+12,,7,6,813.8,1,0,2023-03-21
474,마법 숲 탐정,선자은 글;이경희 그림,슈크림북,2022,9.79119E+12,9.79119E+12,7,5,813.8,1,0,2023-03-21
475,마법 숲 탐정,선자은 글;이경희 그림,슈크림북,2021,9.79119E+12,9.79119E+12,7,4,813.8,1,0,2023-03-21
476,마법 숲 탐정,선자은 글;이경희 그림,슈크림북,2021,9.79119E+12,9.79119E+12,7,3,813.8,1,0,2023-03-21
477,마법 꽃물,이은지 지음,노란상상,2022,9.79119E+12,,7,,813.8,1,0,2023-03-21
478,리보와 앤,어윤정 글;해마 그림,문학동네,2023,9.78895E+12,,7,,813.8,1,0,2023-03-21
479,루호,채은하 지음;오승민 그림,창비,2022,9.78894E+12,,7,323,808.9,1,0,2023-03-21
480,땅이 아이에게,크리스 버카드 글;데이비드 매클렐런 그림;이지영 옮김,북극곰,2022,9.79117E+12,,7,,843,1,0,2023-03-21
481,딱 3일만,김정미 지음;오이트 그림,위즈덤하우스,2023,9.79119E+12,,7,,813.8,1,0,2023-03-21
482,딩동거미와 개미,신성희 지음,한림출판사,2022,9.79119E+12,,7,,813.8,1,0,2023-03-21
483,디즈니 기묘한 소원,베라 스트레인지 지음;윤영 옮김,라곰스쿨,2023,9.79119E+12,,7,4,843,1,0,2023-03-21
484,두더지 두두더더지지,미야니시 타츠야 글·그림;이홍희 옮김,달리,2023,9.78896E+12,,7,,833.8,1,0,2023-03-21
485,두근두근 두뇌성형 프로젝트,윤수란 글;정진희 그림,출판놀이,2023,9.7912E+12,,7,,813.8,1,0,2023-03-21
486,돼지의 숨바꼭질,줄리아 도널드슨 글;악셀 셰플러 그림,비룡소,2022,9.78895E+12,,7,,843,1,0,2023-03-21
487,동갑,길상효 글;조은정 그림,웅진주니어,2023,9.7889E+12,,7,,813.8,1,0,2023-03-21
488,"돌아와, 라일라",에바 린드스트룀 지음;이유진 옮김,단추,2022,9.79119E+12,,7,,853,1,0,2023-03-21
489,돌 하나가 가만히,브렌던 웬젤 글·그림;황유진 옮김,북뱅크,2022,9.78897E+12,,7,,843,1,0,2023-03-21
490,도시 가나다,윤정미 [지음],ㅎ(향),2022,9.79119E+12,,7,,813.8,1,0,2023-03-21
491,도술 글자,박하익 지음,창비,2022,9.78894E+12,,7,3,813.8,1,0,2023-03-21
492,도술 글자,박하익 지음,창비,2022,9.78894E+12,,7,2,813.8,1,0,2023-03-21
493,도술 글자,박하익 지음,창비,2022,9.78894E+12,,7,1,813.8,1,0,2023-03-21
494,당신의 빛,강경수 글·그림,알에이치코리아,2022,9.78893E+12,,7,,813.8,1,0,2023-03-21
495,달팽이 헨리,카타리나 마쿠로바 글·그림;김여진 옮김,노는날,2022,9.7912E+12,,7,,892.97,1,0,2023-03-21
496,달빛 천사 구미호,제성은 글;혜란 그림,크레용하우스,2022,9.78896E+12,,7,,813.8,1,0,2023-03-21
497,달라도 친구야,김유진 글;차상미 그림,북이십일,2022,9.78895E+12,,7,9,808.91,1,0,2023-03-21
498,달 가루,이명하 지음,웅진씽크빅,2022,9.7889E+12,,7,,813.8,1,0,2023-03-21
499,단독 취재! 어흥 회장의 비밀,백연화 글;허아성 그림,크레용하우스,2022,9.78896E+12,,7,,813.8,1,0,2023-03-21
500,다음 달에는,전미화 지음,사계절(사계절출판사),2022,9.79116E+12,,7,,813.8,1,0,2023-03-21
501,닌니와 악몽 가게,막달레나 하이 글;테무 주하니 그림;정보람 옮김,길벗스쿨,2022,9.79116E+12,9.79116E+12,7,3,839.64,1,0,2023-03-21
502,닌니와 악몽 가게,막달레나 하이 글;테무 주하니 그림;정보람 옮김,길벗스쿨,2022,9.79116E+12,9.79116E+12,7,2,839.64,1,0,2023-03-21
503,닌니와 악몽 가게,막달레나 하이 글;테무 주하니 그림;정보람 옮김,길벗스쿨,2022,9.79116E+12,9.79116E+12,7,1,839.64,1,0,2023-03-21
504,늑대의 돼지꿈,기무라 유이치 글;다시마 세이조 그림;김난주 옮김,오늘책,2022,9.79117E+12,,7,,833.8,1,0,2023-03-21
505,눈이 내리면,유리 슐레비츠 글·그림;서남희 옮김,시공주니어,2022,9.79117E+12,,7,300,808.9,1,0,2023-03-21
506,눈물문어,한연진 지음,스콜라(위즈덤하우스),2023,9.79119E+12,,7,,813.8,1,0,2023-03-21
507,눈 토끼,카미유 가로쉬 지음,책연어린이,2022,9.7912E+12,,7,,863,1,0,2023-03-21
508,농촌 아이의 달력,안도현 지음;이관수 그림,봄이아트북스,2023,9.79117E+12,,7,,813.8,1,0,2023-03-21
509,놀이터 미션,백혜진 글;최지영 그림,좋은책어린이,2022,9.78893E+12,,7,135,808.91,1,0,2023-03-21
510,놀이 발명가,진은영 지음,키즈스콜레,2022,9.79117E+12,,7,,813.8,1,0,2023-03-21
511,네가 분수가 된 것처럼 펑펑 울어 버린다면,노에미 볼라 글·그림;홍연미 옮김,웅진씽크빅,2022,9.7889E+12,,7,229,808.91,1,0,2023-03-21
512,너의 하루가 궁금해,리처드 존스 글·그림;공경희 옮김,웅진주니어,2022,9.7889E+12,,7,230,808.91,1,0,2023-03-21
513,너를 응원해,김경애 글;원유미 그림,북이십일,2022,9.78895E+12,,7,6,808.91,1,0,2023-03-21
514,너는 나의 모든 계절이야,유혜율 글;이수연 그림,Who's Got My Tail(후즈갓마이테일),2022,9.79119E+12,,7,,813.8,1,0,2023-03-21
515,내 고백을 돌려줘!,이승민 글;박정섭 그림,풀빛,2022,9.79116E+12,,7,,813.8,1,0,2023-03-21
516,난로 앞에서,스즈키 마모루 글·그림;유지은 옮김,여유당출판사,2022,9.7912E+12,,7,50,808.91,1,0,2023-03-21
517,나의 나무,임양희 지음;나일성 그림;신형건 옮김,보물창고,2023,9.78896E+12,,7,,843,1,0,2023-03-21
518,나무와 새,마일리 뒤프렌 글;테레사 아로요 코르코바도 그림;이슬아 옮김,여유당,2023,9.7912E+12,,7,51,808.91,1,0,2023-03-21
519,나무를 만날 때,엠마 칼라일 글·그림;이현아 옮김,BARN,2022,9.79119E+12,,7,,843,1,0,2023-03-21
520,"나는 뿡, 너는 엉!",존 케인 글·그림;이순영 옮김,북극곰,2022,9.79117E+12,,7,,843,1,0,2023-03-21
521,나는 망설일 거야,유은실 지음;김유대 그림,사계절(사계절출판사),2022,9.79116E+12,,7,25,808.91,1,0,2023-03-21
522,나는 돌멩이,사카모토 치아키 글·그림;황진희 옮김,올리,2022,9.79117E+12,,7,,833.8,1,0,2023-03-21
523,나는 달걀입니다,시오타니 마미코 글·그림;송태욱 옮김,비룡소,2022,9.78895E+12,,7,,833.8,1,0,2023-03-21
524,꿈꾸는 너에게,마크 얀센 글·그림;최진영 옮김,김영사,2022,9.78893E+12,,7,,859.3,1,0,2023-03-21
525,꿀꺽 쓰레기통,공수경 글;김이조 그림,보리,2023,9.79116E+12,,7,,813.8,1,0,2023-03-21
526,"꼭꼭 숨어라 콩이, 치타 보일라!",최은진 글·그림,뜨인돌어린이,2023,9.78896E+12,,7,,813.8,1,0,2023-03-21
527,꼬마 흡혈귀,앙겔라 좀머-보덴부르크 지음;파키나미 그림;이은주 옮김,거북이북스,2022,9.78897E+12,9.78897E+12,7,15,853,1,0,2023-03-21
528,꼬마 흡혈귀,앙겔라 좀머-보덴부르크 지음;파키나미 그림;이은주 옮김,거북이북스,2022,9.78897E+12,9.78897E+12,7,14,853,1,0,2023-03-21
529,꼬마 흡혈귀,앙겔라 좀머-보덴부르크 글;파키나미 그림;이은주 옮김,거북이북스,2021,9.78897E+12,9.78897E+12,7,13,853,1,0,2023-03-21
530,김주니를 찾아서,엘렌 오 지음;천미나 옮김,길벗스쿨,2023,9.79116E+12,,7,,843,1,0,2023-03-21
531,기억 상자,조애너 롤랜드 글;테아 베이커 그림;신형건 옮김,보물창고,2023,9.78896E+12,,7,,843,1,0,2023-03-21
532,급식 알바 구드래곤,박현숙 글;이경석 그림,다산어린이,2022,9.79113E+12,,7,2,813.8,1,0,2023-03-21
533,귀여워,노석미 지음,사계절,2023,9.79117E+12,,7,,813.8,1,0,2023-03-21
534,굿모닝 해님,노석미 지음,창비,2023,9.78894E+12,,7,,813.8,1,0,2023-03-21
535,구름을 키우는 방법,"테리 펜,에릭 펜 [공]지음;이순영 옮김",북극곰,2022,9.79117E+12,,7,,843.6,1,0,2023-03-21
536,구름사다리로 모여라,정이립 글;김무연 그림,별숲,2022,9.79119E+12,,7,,813.8,1,0,2023-03-21
537,곰의 편지,줄리아 도널드슨 지음;악셀 셰플러 그림,비룡소,2022,9.78895E+12,,7,,843,1,0,2023-03-21
538,고양이의 요리책,줄리아 도널드슨 글;악셀 셰플러 그림;김효영 옮김,비룡소,2022,9.78895E+12,,7,,843,1,0,2023-03-21
539,개마법사 쿠키와 일요일의 돈가스,이승민 글;조승연 그림,천개의바람,2022,9.79117E+12,,7,,813.8,1,0,2023-03-21
540,같이 삽시다 쫌!,하수정 지음,길벗어린이,2022,9.78896E+12,,7,,813.8,1,0,2023-03-21
541,강아지 걸음으로,황선미 지음;하니 그림,창비,2023,9.78894E+12,,7,63,813.8,1,0,2023-03-21
542,감기 걸린 날,김동수 글·그림,보림(보림출판사),2022,9.78894E+12,,7,,813.8,1,0,2023-03-21
543,가시,이승희 글·그림,고래뱃속,2022,9.79119E+12,,7,,813.8,1,0,2023-03-21
544,(EBS 초등 어맛!) 어휘 맛집,홍옥 지음;이정화 그림,EBS BOOKS,2022,9.78895E+12,,7,2,714,1,0,2023-03-21
545,이시원의 영어 대모험,박시연 글;이태영 그림,아울북,2023,9.78895E+12,,7,18,747,1,0,2023-03-21
546,웃다보면 알게되는 저학년 관용구,이창우 지음,글송이,2023,9.79117E+12,,7,,714.4,1,0,2023-03-21
547,(톡톡!) 요즘 어린이 고사성어,강지혜 글;유영근 그림,루크하우스,2022,9.79116E+12,,7,,714.4,1,0,2023-03-21
548,아빠! 이 말이 무슨 뜻이에요?,권승호 지음;언언 그림,이비락,2023,9.78896E+12,,7,2,714,1,0,2023-03-21
549,아빠! 이 말이 무슨 뜻이에요?,권승호 지음;언언 그림,이비락,2023,9.78896E+12,,7,1,714,1,0,2023-03-21
550,수상한 국어 탐정단,이향안 글;조승연 그림,제제의숲,2023,9.79116E+12,,7,4,710,1,0,2023-03-21
551,국어 천재가 된 철수와 영희의 맞춤법 배틀,배은영 글;김창호 그림,제제의숲,2022,9.79116E+12,,7,,711.25,1,0,2023-03-21
552,강성태의 저절로 영단어,엄지희 글;강신영 그림,미래엔아이세움,2022,9.79117E+12,,7,4,744,1,0,2023-03-21
553,강성태의 저절로 영단어,엄지희 글;강신영 그림,미래엔,2022,9.79117E+12,9.79116E+12,7,3,744,1,0,2023-03-21
554,강성태의 저절로 영단어,"공신닷컴,엄지희 [공]글;강신영 그림",미래엔,2022,9.79117E+12,9.79116E+12,7,2,744,1,0,2023-03-21
555,강성태의 저절로 영단어,엄지희 글;강신영 그림,미래엔,2021,9.79116E+12,,7,1,744,1,0,2023-03-21
556,프리다 칼로,사라 바르테르 글;오렐리 그랑 그림;이세진 옮김,비룡소,2022,9.78895E+12,,7,5,650.99,1,0,2023-03-21
557,파블로 피카소,베네딕트 르 로아러 글;클레망 드보 그림;이세진 옮김,비룡소,2022,9.78895E+12,,7,4,650.99,1,0,2023-03-21
558,축구 만화 도감,익뚜 지음,Who's Got My Tail(후즈갓마이테일),2022,9.79119E+12,,7,,695.4,1,0,2023-03-21
559,살바도르 달리,클레망스 시몽 글;사라 룰렌 그림;이세진 옮김,비룡소,2022,9.78895E+12,,7,3,650.99,1,0,2023-03-21
560,빈센트 반 고흐,베네딕트 르 로아러 글;피에르 반 호브 그림;이세진 옮김,비룡소,2022,9.78895E+12,,7,2,650.99,1,0,2023-03-21
561,미니카 종이접기 200,최광진 지음,앤제이BOOKS,2022,9.79119E+12,,1,1,634.9,1,0,2023-03-21
562,구스타프 클림트,사라 바르테르 글;글렌 샤프롱 그림;이세진 옮김,비룡소,2022,9.78895E+12,,7,1,650.99,1,0,2023-03-21
563,트럭이 좋아!,브리오니 데이비스 글;마리아 브르조프스카 그림;김지연 옮김,별글,2022,9.79119E+12,,7,,556,1,0,2023-03-21
564,토깽이네 지구 구출 대작전,토깽이네 원작;잼스토리 글;양선모 그림,위즈덤하우스,2022,9.79117E+12,9.79119E+12,7,5,539,1,0,2023-03-21
565,키 성장의 일급비밀,"권하린,심수보 [공]글;조소해 그림",KMD(도서출판),2023,9.7912E+12,,7,,519.69,1,0,2023-03-21
566,(철커덕 철커덕) 한밤중 선로에서는,가마타 아유미 글·그림;김영주 옮김,북스토리아이,2022,9.789E+12,,7,,535,1,0,2023-03-21
567,(처음 읽는) 건축의 역사,베르타 바르디 이 밀라 지음;에두아르드 알타리바 그림;이섬민 옮김,두레아이들,2023,9.79119E+12,,7,,540,1,0,2023-03-21
568,지구에게 남은 시간은 얼마일까?,박효연 글;남동완 그림,꿈꾸는섬,2023,9.79119E+12,,7,,539.9,1,0,2023-03-21
569,지구를 살리는 패션 토크 쇼,"우설리,고수진 [공]글;안혜란 그림",썬더키즈,2023,9.79119E+12,,7,,539.98,1,0,2023-03-21
570,이건 몰랐지? 신기한 우리 몸,니시모토 오사무 지음;김지영 옮김,미세기,2022,9.78898E+12,,7,,511.1,1,0,2023-03-21
571,의사 어벤저스,고희정 글;조승연 그림,가나문화콘텐츠,2022,9.79117E+12,9.78896E+12,7,10,510.4,1,0,2023-03-21
572,(의사가 되기 위한) 첫 의학책,안나 바르토식 글;아샤 그비스 그림;서진석 옮김,안녕로빈,2022,9.79119E+12,,7,,510,1,0,2023-03-21
573,으랏차차 노벨 생리·의학상으로 가는 길,김성호 글;금요일 그림,다림,2022,9.78896E+12,,7,,510.9,1,0,2023-03-21
574,오늘 나부터 탄소 중립,"이영란 지음;잔나비,유남영 [공]그림",풀과바람(영교출판),2023,9.78898E+12,,7,,539.9,1,0,2023-03-21
575,세상 모든 명품 비행기 6대주 52나라,안명철 글,주니어골든벨,2023,9.79116E+12,,7,31,550,1,0,2023-03-21
576,백신은 똑똑해,"마르크 판란스트,헤이르트 바우카에르트 [공]글;카팅카 판데르산더 그림;신동경 옮김",너머,2022,9.78899E+12,,7,,518.372,1,0,2023-03-21
577,"미래가 온다, 미래식량","김성화,권수진 [공]글;박정섭 그림",와이즈만 Books,2022,9.79119E+12,,7,,522.7,1,0,2023-03-21
578,"미래가 온다, 대멸종","김성화,권수진 [공]글;이철민 그림",와이즈만 Books,2022,9.79119E+12,,7,,539.98,1,0,2023-03-21
579,라바 지구 수비대,"김정욱 글;김정한,장호찬 [공]그림",다산어린이,2022,9.79113E+12,,7,3,539.9,1,0,2023-03-21
580,라바 지구 수비대,김정욱 글;김정한 그림,다산북스,2022,9.79113E+12,9.79113E+12,7,2,539.9,1,0,2023-03-21
581,"디지털 미래의 어두운 그림자, 전자 쓰레기 이야기",김지현 글;박선하 그림,팜파스,2022,9.79117E+12,,7,,539.9,1,0,2023-03-21
582,나도 채식을 할 수 있을까?,민마루 글;남궁선하 그림,썬더버드,2022,9.79119E+12,,7,,517.548,1,0,2023-03-21
583,"궁금했어, 탄소 중립",윤상석 글;이한아 그림,나무생각,2023,9.79116E+12,,7,,539.98,1,0,2023-03-21
584,SF 원소 몬스터,이한 지음;장덕현 그림,이지북,2022,9.78896E+12,,7,,431.14,1,0,2023-03-21
585,황당하지만 수학입니다,남호영 글;미늉킴 그림,와이즈만BOOKs(와이즈만북스),2022,9.79119E+12,,7,3,410.4,1,0,2023-03-21
586,(화학 영재를 위한 원소 지도) 주기율표,존 판던 글;시호 페이트 그림;이진선 옮김,위즈덤하우스,2022,9.79117E+12,,7,,431.14,1,0,2023-03-21
587,화산,쥘리 로베르주 글;알레스 MC 그림;김연희 옮김,오늘책,2022,9.79117E+12,,7,,451.31,1,0,2023-03-21
588,파브르 곤충기,장 앙리 파브르 지음;지연리 그림,열림원어린이,2022,9.78896E+12,9.78896E+12,7,2,495.21,1,0,2023-03-21
589,파브르 곤충기,장 앙리 파브르 지음;지연리 그림,열림원어린이,2022,9.78896E+12,9.78896E+12,7,1,495.21,1,0,2023-03-21
590,(초등 교사가 알려주는) 필수 과학 개념,이영호 [외]지음;C.L Deux Artistes 그림,길벗,2022,9.79114E+12,,7,,375.4,1,0,2023-03-21
591,"퀴즈, 반려동물!",임정은 글;김현영 그림,초록개구리,2022,9.79116E+12,,7,,527.386,1,0,2023-03-21
592,초딩 인생 처음 동물잡학,리젠룽 지음;쑤란란 그림;안지선 옮김,의미와 재미,2022,9.7912E+12,,7,,472.5,1,0,2023-03-21
593,(초등학생이 알아야 할) 참 쉬운 수학,사라 헐 글;폴 보스턴 그림;송지혜 옮김,어스본코리아,2023,9.79119E+12,,7,,410,1,0,2023-03-21
594,(처음 읽는) 미생물의 세계,세다드 카이드-살라 페론 글;에두아르드 알타리바 그림;이충호 옮김,두레아이들,2022,9.79119E+12,,7,,475,1,0,2023-03-21
595,이것저것 동물들의 하루,마이크 바필드 글;폴라 보시오 그림;김민정 옮김,봄나무,2023,9.79116E+12,,7,,490,1,0,2023-03-21
596,(이런 모습 처음이야!) 의외로 또 유쾌한 생물도감,누마가사 와타리 글·그림;곽범신 옮김,김영사,2022,9.78893E+12,,7,,472,1,0,2023-03-21
597,원자에서 빅뱅까지 세상의 모든 과학,자일스 스패로우 지음;김아림 옮김,다섯수레,2022,9.78897E+12,,7,,404,1,0,2023-03-21
598,와글와글 공룡 행성,박진영 글;최유식 그림,씨드북(주),2022,9.79116E+12,,7,,457.279,1,0,2023-03-21
599,열두 살 궁그미를 위한 화학,린 허긴스 쿠퍼 글;알렉스 포스터 그림;한문정 옮김,니케주니어,2022,9.789E+12,,7,,430,1,0,2023-03-21
600,(엄청나게 신기하고 볼수록 빠져드는) 우주 탐험,로라 코완 글;얼리사 곤잘레즈 그림;신인수 옮김,비룡소인터내셔널,2022,9.79119E+12,,7,,443.1,1,0,2023-03-21
601,(악동 김블루의) 친절한 과학,악동 김블루 원작;조영선 글;이영아 그림,위즈덤하우스,2022,9.79117E+12,9.79117E+12,7,2,404,1,0,2023-03-21
602,세계 제일 별난 과학 사전,사마키 다케오 감수;토쿠나가 아키코 [외]일러스트;[학산문화사 편집부 옮김],학산문화사(단행본),2022,9.79113E+12,,7,,404,1,0,2023-03-21
603,생각의 탄생,고석규 글;남동완 그림,아울북,2022,9.78895E+12,,7,2,400,1,0,2023-03-21
604,생각의 탄생,예병일 글;박우희 그림,북이십일,2022,9.78895E+12,,7,1,408,1,0,2023-03-21
605,빨간 내복의 코딱지 히어로,서지원 글;이진아 그림,와이즈만BOOKs(와이즈만북스),2023,9.79119E+12,,7,1,404,1,0,2023-03-21
606,미스터리 수학 탐정단,데이비드 콜 글;시미씨 그림;김아림 옮김,아울북,2023,9.78895E+12,,7,5,410,1,0,2023-03-21
607,미스터리 수학 탐정단,데이비드 콜 글;시미씨 그림;김아림 옮김,북이십일,2022,9.78895E+12,9.78895E+12,7,4,410,1,0,2023-03-21
608,미스터리 수학 탐정단,데이비드 콜 글;시미씨 그림;김아림 옮김,북이십일,2022,9.78895E+12,9.78895E+12,7,3,410,1,0,2023-03-21
609,미스터리 수학 탐정단,데이비드 콜 글;시미씨 그림;김아림 옮김,북이십일,2022,9.78895E+12,9.78895E+12,7,2,410,1,0,2023-03-21
610,무한호텔,"김성화,권수진 [공]글;한성민 그림",만만한책방,2022,9.79119E+12,,7,6,410,1,0,2023-03-21
611,덕분에 발명!,크리스티안 도리언 글;고시아 헤르바 그림;박규리 옮김,책읽는곰,2022,9.79116E+12,,7,,507.5,1,0,2023-03-21
612,깜짝 놀랄 동물의 몸속 대탐험,바바라 테일러 지음;마고 카르펜티에 그림;김민식 옮김,타임주니어,2023,9.79119E+12,,7,,491,1,0,2023-03-21
613,과학탐험대 신기한 스쿨버스,서맨사 브룩 글;아트풀 두들러스 그림;이한음 옮김,비룡소,2023,9.78895E+12,,7,13,408,1,0,2023-03-21
614,과학탐험대 신기한 스쿨버스,서맨사 브룩 글;아트풀 두들러스 그림;이한음 옮김,비룡소,2023,9.78895E+12,,7,12,408,1,0,2023-03-21
615,과학탐험대 신기한 스쿨버스,"조애너 콜,저넷 레인 [공]글;브루스 디건;캐럴린 브래컨,로빈 커디 [공]그림;이한음 옮김",비룡소,2021,9.78895E+12,9.78895E+12,7,11,408,1,0,2023-03-21
616,과학 호기심 해결사 사물궁이,홍용훈 글;차현진 그림,서울문화사,2022,9.79117E+12,,7,3,404,1,0,2023-03-21
617,You Know? 생활의 기본,이아연 지음;이수정 그림,북네스트,2023,9.78899E+12,,7,,327.07,1,0,2023-03-21
618,(10대를 위한) 세계미래보고서 2035-2055,"박영숙,제롬 글렌 [공] 지음",교보문고(단행본),2023,9.79116E+12,,7,2,331.544,1,0,2023-03-21
619,(10대를 위한) 세계미래보고서 2035-2055,"박영숙,제롬 글렌 [공] 지음",교보문고(단행본),2023,9.79116E+12,,7,1,331.544,1,0,2023-03-21
620,(미래의 경제 독립자) 어린이 경제 9단,윤성애 지음,사람in,2022,9.78896E+12,,7,,320,1,0,2023-03-21
621,한 컷 초등 사회 사전,손주현 지음;나인완 그림,휴먼어린이,2022,9.78897E+12,,7,,304,1,0,2023-03-21
622,펭귄 나라 달리기 대회,이루다 글;김아나 그림,풀빛,2022,9.79116E+12,,7,6,372.42,1,0,2023-03-21
623,틀린 게 아냐! 다를 뿐이야,이향안 글;임산하 그림,푸른나무,2022,9.79119E+12,,7,,342.1,1,0,2023-03-21
624,토끼약국으로 오세요,김정은 글·그림,풀빛,2022,9.79116E+12,,7,5,372.42,1,0,2023-03-21
625,제과제빵사는 어때?,김지민 지음,토크쇼,2023,9.79119E+12,,7,16,321.55,1,0,2023-03-21
626,"위험할 때는 싫어요, 안 돼요, 안 가요!",기요나가 나호 글;이시즈카 와카메 그림;이홍희 옮김,을파소,2023,9.78895E+12,,7,,372.42,1,0,2023-03-21
627,우리는 모두 달라요,"메건 매디슨,제시카 랠리 [공]지음;이사벨 로하스 그림;노지양 옮김",토토북,2022,9.78896E+12,,7,,342.3,1,0,2023-03-21
628,왜 양보해야 돼요?,김정윤 글;젤리이모 그림,아주좋은날,2023,9.79119E+12,,7,5,199.4,1,0,2023-03-21
629,오늘은 용돈 버는 날,연유진 글;간장 그림,풀빛,2022,9.79116E+12,,7,,327.04,1,0,2023-03-21
630,어제보다 더 따뜻한 오늘을 만들어요,롤 커비 지음;야스 이마무라 그림;손성화 옮김,FIKAJUNIOR(피카주니어),2023,9.7912E+12,,7,,301.09,1,0,2023-03-21
631,어떻게 건너지?,김태경 글·그림,풀빛,2022,9.79116E+12,,7,4,372.42,1,0,2023-03-21
632,얍얍! 팩트로 혼내 주기,서지원 글;순순 그림,다림,2023,9.78896E+12,,7,,911,1,0,2023-03-21
633,약사는 어때?,허지웅 지음,토크쇼,2023,9.79119E+12,,7,13,321.55,1,0,2023-03-21
634,안녕! 초등 1학년이에요,예담 글ㆍ그림,미래와경영,2023,9.78896E+12,,7,,375.2,1,0,2023-03-21
635,아시아엔 다 있다!,조지욱 글;국형원 그림,사계절(사계절출판사),2022,9.79116E+12,,7,30,308,1,0,2023-03-21
636,아나운서는 어때?,윤지영 지음,토크쇼,2023,9.79119E+12,,7,18,321.55,1,0,2023-03-21
637,심술쟁이 감기 마녀,박지수 글·그림,풀빛,2022,9.79116E+12,,7,3,372.42,1,0,2023-03-21
638,운동선수,댄 그린 지음;김효영 옮김,비룡소,2023,9.78895E+12,,7,6,321.55,1,0,2023-03-21
639,우주 비행사,댄 그린 지음;김효영 옮김,비룡소,2022,9.78895E+12,,7,5,321.55,1,0,2023-03-21
640,요리사,댄 그린 지음;김효영 옮김,비룡소,2022,9.78895E+12,,7,4,321.55,1,0,2023-03-21
641,수의사,댄 그린 지음;김효영 옮김,비룡소,2022,9.78895E+12,,7,3,321.55,1,0,2023-03-21
642,소방관,댄 그린 지음;김효영 옮김,비룡소,2022,9.78895E+12,,7,2,321.55,1,0,2023-03-21
643,기관사,댄 그린 지음;김효영 옮김,비룡소,2022,9.78895E+12,,7,1,321.55,1,0,2023-03-21
644,슬기로운 유치원 생활,[로이북스 편집부 편];마리 그림,로이북스,2023,8.80932E+12,,,,375.1,1,0,2023-03-21
645,슬기로운 유치원 생활,[로이북스편집부 편];김효주 그림,로이북스,2022,8.80932E+12,,,,375.1,1,0,2023-03-21
646,소방관은 어때?,"김용환,이성숙 [공]지음",토크쇼,2022,9.79119E+12,,7,12,321.55,1,0,2023-03-21
647,세계경제 인문학,Team. StoryG 지음,oldstairs(올드스테어즈),2023,9.79119E+12,,7,,320,1,0,2023-03-21
648,"선생님, 노동법이 뭐예요?",이수정 글;홍윤표 그림,철수와영희,2023,9.79119E+12,,7,,336.05,1,0,2023-03-21
649,"빵빵! 꼬미야, 조심해!",김승미 글·그림,풀빛,2022,9.79116E+12,,7,2,372.42,1,0,2023-03-21
650,불이야! 불이야!,이주현 글·그림,풀빛,2017,9.79116E+12,,7,1,372.42,1,0,2023-03-21
651,법 따라 나이 따라,이순혁 글;송진욱 그림,사계절,2023,9.79117E+12,,7,31,308,1,0,2023-03-21
652,메타버스전문가는 어때?,안동욱 지음,토크쇼,2023,9.79119E+12,,7,15,321.55,1,0,2023-03-21
653,건축가는 어때?,김세종 지음,토크쇼,2023,9.79119E+12,,7,17,321.55,1,0,2023-03-21
654,가정의학과 의사는 어때?,명승권 지음,토크쇼,2023,9.79119E+12,,7,14,321.55,1,0,2023-03-21
655,(신통한 책방) 필로뮈토,서지원 글;최우빈 그림,아울북,2022,9.78895E+12,,7,5,219.2,1,0,2023-03-21
656,(신통한 책방) 필로뮈토,서지원 글;최우빈 그림,북이십일,2022,9.78895E+12,9.78895E+12,7,4,219.2,1,0,2023-03-21
657,몰랑이와 MBTI,하얀오리(윤혜지) 원작;한효재 글;우리 그림,대원키즈,2022,9.79117E+12,,7,,181.12,1,0,2023-03-21
658,필로니모,알리스 브리에르-아케 글;가즈코 매트 그림;박재연 옮김,노란상상,2022,9.79119E+12,,7,6,108,1,0,2023-03-21
659,필로니모,알리스 브리에르-아케 글;크실 그림;박재연 옮김,노란상상,2022,9.79119E+12,,7,5,108,1,0,2023-03-21
660,필로니모,알리스 브리에르-아케 글;로익 곰 그림;박재연 옮김,노란상상,2022,9.79119E+12,,7,4,108,1,0,2023-03-21
661,필로니모,알리스 브리에르-아케 지음;박재연 옮김;라파엘 엔자리 그림,노란상상,2022,9.79119E+12,,7,3,108,1,0,2023-03-21
662,필로니모,알리스 브리에르-아케 글;라파엘 엔자리 그림;박재연 옮김,노란상상,2022,9.79119E+12,,7,2,108,1,0,2023-03-21
663,필로니모,알리스 브리에르-아케 글;라파엘 엔자리 그림;박재연 옮김,노란상상,2022,9.79119E+12,,7,1,108,1,0,2023-03-21
664,(열두 살 궁그미를 위한) 철학 탐정,스티네 옌선 글;조르진 오버바터르 그림;정유정 옮김,니케주니어,2023,9.789E+12,,7,,104,1,0,2023-03-21
665,(어린이를 위한) 철학의 쓸모,오가와 히토시 글;하야시 유미 그림;고향옥 옮김,길벗스쿨,2023,9.79116E+12,,7,,104,1,0,2023-03-21
666,좋아 싫어 대신 뭐라고 말하지?,송현지 글;순두부 그림,이야기공간,2023,9.7912E+12,,0,,181.7,1,0,2023-03-21
667,"괜찮아, 나탈리",마리아 스크리반 글·그림;김경희 옮김,한빛에듀,2023,9.79117E+12,,7,1,843,1,0,2023-03-21
668,사람이 되는 법,캐서린 뉴먼 글;데비 퐁 그림;김현희 옮김,그레이트 Books(그레이트북스),2022,9.78893E+12,,7,,199.4,1,0,2023-03-21
669,"나의 미래니까, 나답게","조셉 V. 치아로키,루이즈 L. 헤이스 [공]글;지효진 그림;김정은 옮김",픽,2022,9.79119E+12,,7,,199.4,1,0,2023-03-21
670,"오늘 난, 행복을 만나요",리디아 하우엔실트 지음;유영미 옮김,픽,2022,9.79119E+12,,7,,191.6,1,0,2023-03-21
671,진짜 친구는 나를 불편하게 하지 않아,제시카 스피어 글;박지영 그림;조연진 옮김,픽(잇츠북),2022,9.79119E+12,,7,,186,1,0,2023-03-21
672,우리들의 MBTI,조수연 글;소윤 그림,다산어린이,2022,9.79113E+12,,7,3,199.4,1,0,2023-03-21
673,(어린이를 위한) 철학의 쓸모,오가와 히토시 글;하야시 유미 그림;고향옥 옮김,길벗스쿨,2023,9.79116E+12,,7,,104,1,0,2023-03-21
674,너의 감정을 말해 봐,이나 빅토리아 할러 글;리아 레텐 그림;황덕령 옮김,시원주니어,2023,9.79116E+12,,7,,843,1,0,2023-03-21
675,내 안의 걱정 탐험대,바르바라 토바르 글;크리스티나 피카소 그림;김유경 옮김,파란자전거,2022,9.79119E+12,,7,,181.72,1,0,2023-03-21
676,팩토피아,케이트 헤일 글;앤디 스미스 그림;조은영 옮김,시공주니어,2022,9.79117E+12,,7,3,30,1,0,2023-03-21
677,팩토피아,케이트 헤일 글;앤디 스미스 그림;조은영 옮김,시공주니어,2022,9.79117E+12,,7,2,30,1,0,2023-03-21
678,(물음표 많은 어린이를 위한) 미스터리 차일드 클럽,한정희 글;유재영 그림,슬로래빗,2022,9.79119E+12,,7,2,31,1,0,2023-03-21
679,(물음표 많은 어린이를 위한) 미스터리 차일드 클럽,한정희 지음;유재영 그림,슬로래빗,2022,9.79119E+12,,7,1,31,1,0,2023-03-21
680,(서울대 교수와 함께하는) 10대를 위한 교양 수업,"유성호,박여운 [공]글;신병근 그림",아울북,2023,9.78895E+12,,7,1,1.1,1,0,2023-03-21
681,생각이 크는 인문학,장성익 글;이진아 그림,을파소,2023,9.78895E+12,,4,23,1.3,1,0,2023-03-21
682,생각이 크는 인문학,공규택 글;이진아 그림,북이십일,2021,9.78895E+12,,4,22,1.3,1,0,2023-03-21
683,(교과서 토론) 지리,"김민수,김봉식,김태호 [공]지음",이화북스,2022,9.79119E+12,,0,,980,1,0,2023-03-21
684,(교과서 속 70개 핵심 용어로 끝내는) 한국사,정헌경 글;조에스더 그림,주니어김영사,2022,9.78893E+12,,4,,911,1,0,2023-03-21
685,파워풀한 교과서 세계사 토론,박숙현 [외]지음,특별한서재,2022,9.79117E+12,,4,,909,1,0,2023-03-21
686,지리 모르고 뉴스 볼 수 있어?,옥성일 지음,다른,2022,9.79116E+12,,4,,980,1,0,2023-03-21
687,"일상이 고고학, 나 혼자 강원도 여행",황윤 지음,리수,2022,9.79119E+12,,0,,981.1402,1,0,2023-03-21
688,인물로 읽는 세계사 교양 수업 365,사토 마사루 감수;김윤정 옮김,한즈미디어,2022,9.79116E+12,,0,,909,1,0,2023-03-21
689,전쟁으로 보는 서양사,살라흐 앗 딘 글;압둘와헤구루 그림,부커,2022,9.79116E+12,,0,,909,1,0,2023-03-21
690,"일상이 고고학, 나 혼자 분청사기 여행",황윤 지음,책읽는고양이,2023,9.79119E+12,,0,,911.033,1,0,2023-03-21
691,유혹하는 유물들,박찬희 글;임지이 그림,빨간소금,2022,9.79119E+12,,0,,911,1,0,2023-03-21
692,유배도 예술은 막을 수 없어,"신승미,김영선 [공]지음",다른,2022,9.79116E+12,,4,,991.1,1,0,2023-03-21
693,소울트립 교과서 여행,"소울마미,이해수 [공]지음",얼스마미,2022,9.7912E+12,,7,,981.102,1,0,2023-03-21
694,본격 한중일 세계사,굽시니스트 글·그림,위즈덤하우스,2022,9.79117E+12,9.79116E+12,0,15,910,1,0,2023-03-21
695,본격 한중일 세계사,굽시니스트 글·그림,위즈덤하우스,2022,9.79117E+12,9.79116E+12,0,14,910,1,0,2023-03-21
696,교과서가 쉬워지는 한국사여행,"홍수연,홍연주 [공]지음",길벗,2022,9.79114E+12,,1,,981.102,1,0,2023-03-21
697,오스트리아＆부다페스트,조대현 글·사진,해시태그(Hashtag),2023,9.79119E+12,,0,,982.5502,1,0,2023-03-21
698,유령에 홀린 세계사,리사 모튼 지음;박일귀 옮김,탐나는책,2022,9.79119E+12,,0,,909,1,0,2023-03-21
699,여기 어디예요?,이예찬(차니포토)지음,영진미디어,2023,9.79119E+12,,1,,818,1,0,2023-03-21
700,(박시백의) 고려사,박시백 지음,휴머니스트,2023,9.79116E+12,,0,3,911.04,1,0,2023-03-21
701,(박시백의) 고려사,박시백 지음,Humanist(휴머니스트출판그룹),2022,9.79116E+12,9.79116E+12,0,2,911.04,1,0,2023-03-21
702,1등급 상담실,박현숙 지음,북멘토(도서출판),2023,9.78896E+12,,4,,813.7,1,0,2023-03-21
703,#마이 네임,구로카와 유코 지음;고향옥 옮김,양철북,2023,9.78896E+12,,0,,833.6,1,0,2023-03-21
704,고대 이집트 해부도감,곤도 지로 지음;김소영 옮김,더숲,2022,9.79119E+12,,0,,931.102,1,0,2023-03-21
705,Jokes 개가 농담하는 거 봤어?,루이스 새커 글;정재윤 옮김,현북스,2023,9.79116E+12,,4,,843.5,1,0,2023-03-21
706,화월 고서점 요괴 수사록,제리안 지음,이지북,2022,9.78896E+12,,4,,813.7,1,0,2023-03-21
707,푸른 숨,오미경 지음,특별한서재,2023,9.79117E+12,,4,,813.7,1,0,2023-03-21
708,트라우마,김하은 지음,단비청소년,2023,9.78896E+12,,4,,813.7,1,0,2023-03-21
709,크리처스,"곽재식,정은경 [공]지음;안병현 그림",아르테,2022,9.78895E+12,9.78895E+12,4,2,813.7,1,0,2023-03-21
710,크리처스,"곽재식,정은경 [공]지음;안병현 그림",아르테,2022,9.78895E+12,9.78895E+12,4,1,813.7,1,0,2023-03-21
711,친구의 친구,김선영 [외]지음,자음과모음,2023,9.78895E+12,,4,,813.7,1,0,2023-03-21
712,졸업해도 되나요,신미나 [외]지음,창비교육,2022,9.79117E+12,,4,,814.7,1,0,2023-03-21
713,저희는 이 행성을 떠납니다,최정원 지음,비룡소,2023,9.78895E+12,,4,,813.7,1,0,2023-03-21
714,자아 찾기ing,최상아 지음,책폴,2023,9.7912E+12,,4,,813.7,1,0,2023-03-21
715,ㅈㅅㅋㄹ,오하루 지음,선스토리,2022,9.7912E+12,,4,,813.7,1,0,2023-03-21
716,인생당 서점,사이토 다카시 지음;김윤수 옮김,라임,2023,9.79119E+12,,4,,833.6,1,0,2023-03-21
717,이우학교와 친해지는 중입니다,이성근 외 지음,페이지원(도서출판),2023,9.7912E+12,,0,,818,1,0,2023-03-21
718,웃는 버릇,김응 지음,창비교육,2023,9.79117E+12,,4,,811.7,1,0,2023-03-21
719,이 와중에 스무 살,최지연 지음,창비,2022,9.79117E+12,,4,,813.7,1,0,2023-03-21
720,이별에 보내는 편지,브리지드 케머러 지음;이은선 옮김,창비,2022,9.78894E+12,,4,,843.6,1,0,2023-03-21
721,울고 싶은 나는 고양이 가면을 쓴다 |,이와사 마모루 지음;에이치 그림;박지현 옮김,이지북,2023,9.78896E+12,,4,,833.6,1,0,2023-03-21
722,우주의 미아,지슬영 지음,별숲,2023,9.79119E+12,,4,,813.7,1,0,2023-03-21
723,우리는 모두 장거리 비행 중이야!,조은정 지음,자음과모음,2023,9.78895E+12,,4,,818,1,0,2023-03-21
724,"우리, 연모",백승남 지음,마음이음,2022,9.79119E+12,,4,,813.7,1,0,2023-03-21
725,올 굿 칠드런,캐서린 오스틴 지음;이시내 옮김,시공사,2022,9.79117E+12,,4,,843.6,1,0,2023-03-21
726,오로라 2-241,한수영 지음,바람의아이들,2022,9.79116E+12,,4,,813.7,1,0,2023-03-21
727,열다섯에 곰이라니,추정경 지음,다산책방,2022,9.79113E+12,,4,,813.7,1,0,2023-03-21
728,수학탐정단과 이차방정식의 개념,박기복 지음,행복한나무,2022,9.79119E+12,,4,,813.7,1,0,2023-03-21
729,언제든지 스마일,박경희 지음,서해문집,2023,9.79119E+12,,4,,813.7,1,0,2023-03-21
730,어쩌다 만난 수학,고정욱 지음,책담,2022,9.79119E+12,,4,,813.7,1,0,2023-03-21
731,어른 없는 세계,알바로 콜로메로 지음;김유경 옮김,탐,2023,9.78896E+12,,4,,873,1,0,2023-03-21
732,안개요괴,최미정 글;김정민 그림,틴틴북스(가문비),2023,9.78897E+12,,4,,813.7,1,0,2023-03-21
733,아래층 소녀의 비밀 직업,스테이시 리 지음;부희령 옮김,우리학교,2023,9.79117E+12,,4,,843.6,1,0,2023-03-21
734,실컷 오늘을 살 거야,김미희 지음,우리학교,2023,9.79117E+12,,4,,811.7,1,0,2023-03-21
735,신을 지키는 아이,히로시마 레이코 글;김정화 옮김,꿈꾸다,2023,9.79117E+12,,4,,833.6,1,0,2023-03-21
736,숨겨 둔 말,김현서 지음,창비교육,2022,9.79117E+12,,4,,811.7,1,0,2023-03-21
737,수학탐정단과 삼각비의 개념,박기복 지음,행복한나무,2022,9.79119E+12,,4,,813.7,1,0,2023-03-21
738,사건분석관 K,소현수 지음,한국교육방송공사,2022,9.78895E+12,,4,,813.7,1,0,2023-03-21
739,비단옷의 정원사,김상미 지음,다른,2022,9.79116E+12,,4,,813.7,1,0,2023-03-21
740,블랙박스,황지영 지음,우리학교,2022,9.79117E+12,,4,,813.7,1,0,2023-03-21
741,벼랑,이금이 지음,밤티,2022,9.79119E+12,,4,,813.6,1,0,2023-03-21
742,배리 스콰이어스,헤더 스미스 지음;이미정 옮김,베르단디,2023,9.79119E+12,,4,,843.6,1,0,2023-03-21
743,반음,채기성 지음,창비,2022,9.78894E+12,,4,,813.7,1,0,2023-03-21
744,바람의 독서법,김선영 지음,자음과모음,2022,9.78895E+12,,4,,813.7,1,0,2023-03-21
745,미치도록 시끄러운 정적에 관하여,사라 데센 지음;박수현 옮김,바람의아이들,2023,9.79116E+12,,4,,843.6,1,0,2023-03-21
746,모두 열세 명,크리스티나 순토르밧 지음;이승숙 옮김,북극곰,2022,9.79117E+12,,4,,848,1,0,2023-03-21
747,데스타이머,전성현 지음,사계절(사계절출판사),2022,9.79116E+12,,4,,813.7,1,0,2023-03-21
748,드림 레코드,이혜린 지음,다림,2022,9.78896E+12,,4,,813.7,1,0,2023-03-21
749,마법의 고민 상담소,홍기자 지음,찜커뮤니케이션,2022,9.79119E+12,,0,,813.7,1,0,2023-03-21
750,루시의 기억,권요원 지음,별숲,2022,9.79119E+12,,4,,813.7,1,0,2023-03-21
751,루쉰을 읽다,김지운 지음,휴머니스트,2022,9.79116E+12,,4,,823.609,1,0,2023-03-21
752,로열 로드에서 만나,"이희영,심너울,전삼혜 [공]지음",위즈덤하우스,2023,9.79117E+12,,4,,813.7,1,0,2023-03-21
753,레아,김혜정 지음,문학과지성사,2022,9.78893E+12,,4,,813.7,1,0,2023-03-21
754,덕분이에요,안희연 [외] 지음,창비교육,2022,9.79117E+12,,4,,818,1,0,2023-03-21
755,대장장이 왕,허교범 지음,위즈덤하우스,2023,9.79117E+12,,4,2,813.7,1,0,2023-03-21
756,담장을 넘은 소녀,김미승 지음,다른,2022,9.79116E+12,,4,,813.7,1,0,2023-03-21
757,달빛소녀와 치유의 숲,박기복 지음,행복한나무,2023,9.79119E+12,,4,,813.7,1,0,2023-03-21
758,달빛소녀와 진실의 문,박기복 지음,행복한나무,2022,9.79119E+12,,4,,813.7,1,0,2023-03-21
759,달빛소녀와 죽음의 도시,박기복 지음,행복한나무,2022,9.79119E+12,,4,,813.7,1,0,2023-03-21
760,노파람이 아르바이트를 그만둔 날,허진희 지음,문학동네,2022,9.78895E+12,,0,,813.7,1,0,2023-03-21
761,녀석의 깃털,윤해연 지음,비룡소,2022,9.78895E+12,,4,,813.7,1,0,2023-03-21
762,네 통의 편지,설흔 지음,나무를심는사람들,2023,9.79119E+12,,4,,813.7,1,0,2023-03-21
763,너만 모르는 진실,김하연 지음,특별한서재,2022,9.79117E+12,,4,,813.7,1,0,2023-03-21
764,내일의 생존기,최현주 지음,푸른숲주니어,2023,9.79116E+12,,4,,813.7,1,0,2023-03-21
765,남의 썸 관찰기,청예 지음,다림,2023,9.78896E+12,,4,,813.7,1,0,2023-03-21
766,날짜 지우는 아이,에릭 월터스 글;김선영 옮김,꿈꾸는섬,2023,9.79119E+12,,4,,843.6,1,0,2023-03-21
767,꿈꾸는 학교 ☆ 진로를 부탁해,김애란 지음,행복한나무,2023,9.79119E+12,,4,,813.7,1,0,2023-03-21
768,나르치스와 골드문트,헤르만 헤세 지음;진형준 옮김,살림,2023,9.78895E+12,,0,,853,1,0,2023-03-21
769,까칠한 재석이가 폭발했다,고정욱 지음,애플북스,2023,9.79119E+12,,0,,813.7,1,0,2023-03-21
770,까칠한 재석이가 깨달았다,고정욱 지음;마노 그림,애플북스,2023,9.79119E+12,,0,,813.7,1,0,2023-03-21
771,기타 1도 모르는데 4인조 밴드,마스이 준코 지음;이현욱 옮김,뜨인돌,2023,9.78896E+12,,0,,833.6,1,0,2023-03-21
772,"기적이 일어나는 시간, 49",김영리 지음,서해문집,2023,9.79119E+12,,4,,813.7,1,0,2023-03-21
773,기억을 넘어 너에게 갈게,양은애 지음,토마토출판사,2022,9.79119E+12,,0,,813.7,1,0,2023-03-21
774,금수저 쟁론기,조정현 지음,봄볕,2023,9.79119E+12,,4,,813.7,1,0,2023-03-21
775,극복하고 싶지 않아,김혜정 [외]지음,마음이음,2022,9.79119E+12,,4,,813.7,1,0,2023-03-21
776,그럼에도 파드되,나윤아 지음,뜨인돌,2023,9.78896E+12,,0,,813.7,1,0,2023-03-21
777,굴뚝 밑 아이들,창신강 지음;마위 그림;백은영 옮김,구름서재(다빈치기프트),2023,9.79119E+12,,4,,823.7,1,0,2023-03-21
778,구미호 식당,박현숙 지음,특별한서재,2022,9.79117E+12,,4,4,813.7,1,0,2023-03-21
779,구미호 식당,박현숙 지음,특별한서재,2022,9.79117E+12,,4,3,813.7,1,0,2023-03-21
780,신춘문예당선소설집,한소은 [외]지음,한국소설가협회,2021,9.79117E+12,,0,2023,813.7082,1,0,2023-03-21
781,2렇게나 2상한 2십대라니,소원 글·그림,와이엘씨,2022,9.78898E+12,,0,,818,1,0,2023-03-21
782,0원으로 사는 삶,박정미 지음,들녘,2022,9.79116E+12,,0,,818,1,0,2023-03-21
783,히어로의 공식,사샤 블랙 지음;정지현 옮김,윌북,2022,9.79116E+12,,0,,802.3,1,0,2023-03-21
784,흰옷을 입은 여인,크리스티앙 보뱅 지음;이창실 옮김,1984Books,2023,9.79119E+12,,0,,864,1,0,2023-03-21
785,헤드라이너,임국영 지음,창비,2023,9.78894E+12,,0,,813.7,1,0,2023-03-21
786,헌책 낙서 수집광,윤성근 지음,이야기장수,2023,9.78895E+12,,0,,818,1,0,2023-03-21
787,토요미스테리,디바제시카 지음;한재홍 일러스트,너와숲,2023,9.79119E+12,,0,,813.7,1,0,2023-03-21
788,태풍의 계절,페르난다 멜초르 지음;엄지영 옮김,을유문화사,2022,9.78893E+12,,0,,873,1,0,2023-03-21
789,타이탄의 세이렌,커트 보니것 지음;강동혁 옮김,문학동네,2022,9.78895E+12,,0,,843.6,1,0,2023-03-21
790,크리스마스 인터내셔널,김원우 지음,아작,2022,9.79117E+12,,0,,813.7,1,0,2023-03-21
791,카피캣 식당,범유진 지음,넥서스,2023,9.79117E+12,,0,,813.7,1,0,2023-03-21
792,총상 입은 밤하늘,오션 브엉 지음;안톤 허 옮김,문학과지성사,2022,9.78893E+12,,0,,841,1,0,2023-03-21
793,일을 잘하고 싶은 너에게,이원흥 지음,다산북스,2022,9.79113E+12,,0,,199.1,1,0,2023-03-21
794,인센디어리스,권오경 지음;김지현 옮김,문학과지성사,2023,9.78893E+12,,0,,843.6,1,0,2023-03-21
795,좋은 날 하자,나태주 지음,샘터사,2023,9.78895E+12,,0,,811.6,1,0,2023-03-21
796,종이학 살인사건,치넨 미키토 지음;권하영 옮김,북플라자,2022,9.79119E+12,,0,,833.6,1,0,2023-03-21
797,제사를 부탁해,박서련 지음;정영롱 만화,문학동네,2023,9.78895E+12,,0,,813.7,1,0,2023-03-21
798,제2한강,권혁일 지음,오렌지디,2023,9.79119E+12,,0,,813.7,1,0,2023-03-21
799,작가의 루틴,김중혁 [외]지음,&(앤드),2023,9.79117E+12,,0,,810.82,1,0,2023-03-21
800,입속의 새,사만타 슈웨블린 지음;엄지영 옮김,창비,2023,9.78894E+12,,0,,873,1,0,2023-03-21
801,인간의 제로는 뼈,마이조 오타로 지음;정민재 옮김,민음사,2022,9.78894E+12,,0,,833.6,1,0,2023-03-21
802,이중 작가 초롱,이미상 지음,문학동네,2022,9.78895E+12,,0,,813.7,1,0,2023-03-21
803,이야기들,"로디 도일 [외] 지음;닐 게이먼,알 사란토니오 [공]엮음;장호연 옮김",문학동네,2022,9.78895E+12,,0,,843.6,1,0,2023-03-21
804,이 다정함이 모여 아주 조금만 더 행복해지길,새벽 세시 지음,FIKA(피카),2023,9.79119E+12,,0,,818,1,0,2023-03-21
805,육왕,이케이도 준 지음;송태욱 옮김,비채,2023,9.78893E+12,,0,,833.6,1,0,2023-03-21
806,우중괴담,미쓰다 신조 지음;현정수 옮김,더난콘텐츠그룹,2022,9.79116E+12,,0,,833.6,1,0,2023-03-21
807,"우유, 피, 열",단시엘 W. 모니즈 지음;박경선 옮김,모모,2023,9.79119E+12,,0,,843.6,1,0,2023-03-21
808,우선 이것부터 먹고,하라다 히카 지음;최고은 옮김,대원씨아이,2022,9.79117E+12,,0,,833.6,1,0,2023-03-21
809,우리의 이름은 별보다 많다,김창규 지음,아작,2023,9.79117E+12,,0,,813.7,1,0,2023-03-21
810,우리는 천천히 오래오래,백신애;최진영 지음,작가정신,2022,9.79116E+12,,0,,813.7,1,0,2023-03-21
811,펀자이씨툰,엄유진 글·그림,문학동네,2022,9.78895E+12,,0,2,818,1,0,2023-03-21
812,완두콩의 비밀,오가와 이토 지음;이지수 옮김,더블북,2023,9.7912E+12,,0,,834,1,0,2023-03-21
813,여자아이 기억,아니 에르노 지음;백수린 옮김,레모,2022,9.79119E+12,,0,,863,1,0,2023-03-21
814,오늘은 네가 꽃,나태주 지음;신선미 그림,머메이드,2023,9.7912E+12,,0,,811.6,1,0,2023-03-21
815,열한 번의 계절을 지나,아오야마 미나미 [지음];최윤영 옮김,바이포엠 스튜디오,2022,9.79119E+12,,0,,833.6,1,0,2023-03-21
816,어떤 고독은 외롭지 않다,재커리 시거 엮음;박산호 옮김,인플루엔셜,2022,9.79117E+12,,0,,809,1,0,2023-03-21
817,펀자이씨툰,엄유진 글·그림,문학동네,2022,9.78895E+12,,0,1,818,1,0,2023-03-21
818,야생의 심장 가까이,클라리시 리스펙토르 지음;민승남 옮김,을유문화사,2022,9.78893E+12,,0,,879,1,0,2023-03-21
819,야생 붓꽃,루이즈 글릭 지음;정은귀 옮김,시공사,2022,9.79117E+12,,0,,841,1,0,2023-03-21
820,안락 탐정,고바야시 야스미 지음;주자덕 옮김,아프로스미디어,2023,9.79119E+12,,0,,833.6,1,0,2023-03-21
821,슬픔의 방문,장일호 지음,낮은산,2022,9.79116E+12,,0,,818,1,0,2023-03-21
822,아이스,애나 캐번 지음;박소현 옮김,민음사,2023,9.78894E+12,,0,,843.6,1,0,2023-03-21
823,"아무튼, 현수동",장강명 지음,위고,2023,9.79119E+12,,0,,818,1,0,2023-03-21
824,"아무튼, 잠",정희재 지음,제철소,2022,9.79119E+12,,0,,818,1,0,2023-03-21
825,아무도 지켜보지 않지만 모두가 공연을 한다,비비언 고닉 지음;서제인 옮김,바다출판사,2022,9.79117E+12,,0,,848,1,0,2023-03-21
826,아무도 빌려주지 않는 인생책,가우르 고팔 다스 지음;이나무 옮김,수오서재,2023,9.79119E+12,,0,,199.1,1,0,2023-03-21
827,심연 속의 나,도나토 카리시 지음;이승재 옮김,검은숲,2023,9.79117E+12,,0,,883,1,0,2023-03-21
828,심령들이 잠들지 않는 그곳에서,조나탕 베르베르 지음;정혜용 옮김,열린책들,2023,9.78893E+12,,0,,863,1,0,2023-03-21
829,시어머니 유품정리,가키야 미우 지음;강성욱 옮김,문예춘추사,2022,9.78898E+12,,0,,833.6,1,0,2023-03-21
830,시간은 되돌릴 수 없고 인생은 한번뿐,글배우 지음,강한별,2022,9.79119E+12,,0,,818,1,0,2023-03-21
831,스토리텔링 작법의 비밀,김윤정 [외]공저,나무자전거,2022,9.789E+12,,1,,802.2,1,0,2023-03-21
832,수확자,닐 셔스터먼 지음;이수현 옮김,열린책들,2023,9.78893E+12,,0,,843.6,1,0,2023-03-21
833,수호자들,존 그리샴 지음;남명성 옮김,하빌리스,2023,9.79117E+12,,0,,843.6,1,0,2023-03-21
834,소설가라는 이상한 직업,장강명 지음,유유히,2023,9.7912E+12,,0,,818,1,0,2023-03-21
835,선량하고 무해한 휴일 저녁의 그들,김이정 [외]지음,(주식회사 도서출판)강,2023,9.78898E+12,,0,,813.7,1,0,2023-03-21
836,서쪽 바람,메리 올리버 지음;민승남 옮김,마음산책,2023,9.78896E+12,,0,,841,1,0,2023-03-21
837,"서울, 카타콤",이봄 지음,위즈덤하우스,2023,9.79117E+12,,0,,813.7,1,0,2023-03-21
838,새의 선물,은희경 지음,문학동네,2022,9.78895E+12,,0,,813.6,1,0,2023-03-21
839,부엉이의 불길한 말,루쉰 지음;성민엽 옮김,문학과지성사,2022,9.78893E+12,,0,,821.7,1,0,2023-03-21
840,상대적이며 절대적인 고양이 백과사전,베르나르 베르베르 지음;전미연 옮김,열린책들,2022,9.78893E+12,,0,,527.386,1,0,2023-03-21
841,"사실은, 단 한 사람이면 되었다",정해연 지음,텔레포터,2023,9.78896E+12,,0,,813.7,1,0,2023-03-21
842,사소한 것들이 신경 쓰입니다,마스다 미리 지음;권남희 옮김,㈜소미미디어,2023,9.79114E+12,,0,,838,1,0,2023-03-21
843,사랑하는 소년이 얼음 밑에 살아서,한정원 지음,시간의흐름,2023,9.79119E+12,,0,,811.7,1,0,2023-03-21
844,사랑의 책,프랜시스 스콧 피츠제럴드 외 지음;하창수 외 옮김,현대문학,2022,9.79117E+12,,0,,808.3,1,0,2023-03-21
845,사랑을 말할 때 우리가 이야기하는 것,레이먼드 카버 지음;정영문 옮김,문학동네,2022,9.78895E+12,,0,,843.6,1,0,2023-03-21
846,사랑은 무한대이외다,김명순 지음;박소란 엮음,핀드,2023,9.7912E+12,,0,,814.7,1,0,2023-03-21
847,본심,히라노 게이치로 지음;양윤옥 옮김,현대문학,2023,9.79117E+12,,0,,833.6,1,0,2023-03-21
848,배우와 배우가,김신록 지음,안온북스,2023,9.79119E+12,,0,,681.604,1,0,2023-03-21
849,배니시드,김도윤 지음,팩토리나인,2023,9.79117E+12,,0,,813.7,1,0,2023-03-21
850,방주,유키 하루오 지음;김은모 옮김,블루홀식스(블루홀6),2023,9.79119E+12,,0,,833.6,1,0,2023-03-21
851,바바야가의 밤,오타니 아키라 지음;이규원 옮김,북스피어,2022,9.79119E+12,,0,,833.6,1,0,2023-03-21
852,믿음의 개는 시간을 저버리지 않으며,박솔뫼 지음,스위밍꿀,2022,9.7912E+12,,0,,813.7,1,0,2023-03-21
853,문학이 필요한 시간,정여울 지음;이승원 사진,한겨레엔,2023,9.79116E+12,,0,,814.7,1,0,2023-03-21
854,묵향,전동조 지음,스카이미디어,2022,9.79113E+12,9.78899E+12,0,37,813.7,1,0,2023-03-21
855,무어의 마지막 한숨,살만 루슈디 지음;김진준 옮김,문학동네,2023,9.78895E+12,,0,,843.5,1,0,2023-03-21
856,리빙스턴 씨의 달빛서점,모니카 구티에레스 아르테로 지음;박세형 옮김,문학동네,2022,9.78895E+12,,0,,873,1,0,2023-03-21
857,무미건조한 오트밀에 레몬식초 2큰술을 더한 하루,타라 미치코 지음;김지혜 옮김,더난출판사,2023,9.7912E+12,,0,,838,1,0,2023-03-21
858,목요일의 작가들,윤성희 지음,궁리,2023,9.78896E+12,,0,,802,1,0,2023-03-21
859,메이드,니타 프로스 지음;노진선 옮김,마시멜로,2023,9.78895E+12,,0,,843.6,1,0,2023-03-21
860,마음에 없는 소리,김지연 지음,문학동네,2022,9.78895E+12,,0,,813.7,1,0,2023-03-21
861,말과 꿈,양선형 지음,자음과모음,2023,9.78895E+12,,0,,813.7,1,0,2023-03-21
862,만지고 싶은 기분,요조 지음,마음산책,2023,9.78896E+12,,0,,818,1,0,2023-03-21
863,루팡의 딸,요코제키 다이 지음;권하영 옮김,북플라자,2022,9.79119E+12,,0,5,833.6,1,0,2023-03-21
864,랑과 나의 사막,천선란 지음,H(현대문학),2022,9.79117E+12,,0,,813.7,1,0,2023-03-21
865,뜨개는 우리를 들뜨게 하지,바나 지음,브레인스토어,2023,9.79117E+12,,0,,818,1,0,2023-03-21
866,대나무 숲 양조장집,도다 준코 지음;이정민 옮김,㈜소미미디어,2023,9.79114E+12,,0,,833.6,1,0,2023-03-21
867,달력 뒤에 쓴 유서,민병훈 지음,민음사,2023,9.78894E+12,,0,,813.7,1,0,2023-03-21
868,달 드링크 서점,서동원 지음,문학수첩,2022,9.79119E+12,,0,,813.7,1,0,2023-03-21
869,다피 다운 딜리,서지현 지음,씨엘비북스(CLB BOOKS),2023,9.79117E+12,,0,,813.7,1,0,2023-03-21
870,다정함은 덤이에요,봉부아 지음,자상한시간,2023,9.7912E+12,,0,,818,1,0,2023-03-21
871,김유정 문학상 수상작품집,구병모 [외]지음,강,2022,9.78898E+12,,0,16,813.7082,1,0,2023-03-21
872,누가 이 침대를 쓰고 있었든,레이먼드 카버 지음;정영목 옮김,문학동네,2022,9.78895E+12,,0,,843.6,1,0,2023-03-21
873,노비스 탐정 길은목,김아직 지음,몽실북스,2023,9.79119E+12,,0,,813.7,1,0,2023-03-21
874,내 것이 아닌 잘못,아사쿠라 아키나리 지음;문지원 옮김,블루홀식스(블루홀6),2023,9.79119E+12,,0,,833.6,1,0,2023-03-21
875,내 눈물이 너를 베리라,S. A. 코스비 지음;박영인 옮김,네버모어,2022,9.79119E+12,,0,,843.6,1,0,2023-03-21
876,너의 하루가 따숩길 바라,고은지 지음,북라이프,2022,9.79119E+12,,0,,818,1,0,2023-03-21
877,너의 안부,성현주 지음,Mons(몽스북),2022,9.79119E+12,,0,,814.7,1,0,2023-03-21
878,너에게 전화가 왔다,원태연 지음,은행나무,2022,9.79117E+12,,0,,811.7,1,0,2023-03-21
879,나의 아름다운 날들,정지아 지음,은행나무,2023,9.79117E+12,,0,,813.7,1,0,2023-03-21
880,나는 좌절의 스페셜리스트입니다,백혜선 지음,다산북스,2023,9.79113E+12,,0,,818,1,0,2023-03-21
881,나는 나를 파괴할 권리가 있다,김영하 지음,복복서가,2022,9.79119E+12,,0,,813.7,1,0,2023-03-21
882,끈기의 말들,강민선 지음,유유,2023,9.79117E+12,,0,,818,1,0,2023-03-21
883,급류,정대건 지음,민음사,2022,9.78894E+12,,0,,813.7,1,0,2023-03-21
884,그림자와 새벽,윤경희 지음,시간의흐름,2022,9.79119E+12,,0,,818,1,0,2023-03-21
885,그대 늙어가는 것이 아니라 익어가는 것이다,오평선 지음,포레스트북스,2022,9.79119E+12,,0,,818,1,0,2023-03-21
886,사춘기를 위한 어휘력 수업,오승현 지음,생각학교,2022,9.79119E+12,,4,,714,1,0,2023-03-21
887,한자 줍기,최다정 지음,아침달,2023,9.79119E+12,,0,,711.4,1,0,2023-03-21
888,하루 한문 공부,임자헌 지음,유유,2023,9.79117E+12,,0,,711.47,1,0,2023-03-21
889,재미있어야 영어가 들린다,한지웅 지음,느리게걷다,2022,9.7912E+12,,1,,747,1,0,2023-03-21
890,(우리말 어원의) 일본어 단어,한창화 지음,좋은땅,2022,9.79114E+12,,0,,734,1,0,2023-03-21
891,영어의 마음을 읽는 법,김성우 지음,생각의힘,2022,9.79119E+12,,0,,701,1,0,2023-03-21
892,영어 발음 향상 훈련,"케빈 강,해나 변 [공]지음",사람in,2022,9.78896E+12,,1,,747.5,1,0,2023-03-21
893,어른의 한자력,신동욱 지음,포르체,2022,9.79119E+12,,0,,711.4,1,0,2023-03-21
894,맞춤법하고 싶은 맞춤법,"신승용,안윤주 [공]지음",역락,2022,9.79117E+12,,0,,711.25,1,0,2023-03-21
895,센스 있는 영어 표현,에디 리 지음,넥서스,2022,9.79117E+12,,1,,747,1,0,2023-03-21
896,말의 트렌드,정유라 지음,인플루엔셜,2022,9.79117E+12,,0,,710,1,0,2023-03-21
897,나는 영어가 재미있다,이선미 지음,북앤미디어 디엔터,2022,9.7912E+12,,0,,740.7,1,0,2023-03-21
898,그림으로 배우는 기초 스페인어,조경호 글·그림,Orbita,2022,9.7912E+12,,0,,770,1,0,2023-03-21
899,케이팝의 시간,태양비 지음,지노,2023,9.79119E+12,,0,,673.511,1,0,2023-03-21
900,쫌 이상한 체육 시간,최진환 지음,창비교육,2022,9.79117E+12,,4,,692,1,0,2023-03-21
